config,year,role,is_new,cost,fold,net_return_pct,minute_DD_pct,Sharpe365,Calmar
volratio_2025_BTC_n10_r0.75_e15_x30_c1500,2025,component,True,1,1,-10.611753359959996,12.766189911559122,-4.398818008386642,-5.832482306710545
volratio_2025_BTC_n10_r0.75_e15_x30_c1500,2025,component,True,1,2,18.01034357749145,4.646085031215696,5.785070829898402,139.89021351138027
volratio_2025_BTC_n10_r0.75_e15_x30_c1500,2025,component,True,1,3,2.040775596419997,10.25609467173323,0.8718858746461214,2.716795372656477
volratio_2025_BTC_n10_r0.75_e15_x30_c1500,2025,component,True,1,4,3.0041946636500505,9.66177663722123,1.6426841054195316,4.486879508270259
volratio_2025_BTC_n10_r0.75_e15_x30_c1500,2025,component,True,1,5,0.46984513264805017,7.403930033420814,0.3412503220876154,0.7926631473790463
volratio_2025_BTC_n10_r0.75_e15_x30_c1500,2025,component,True,1,6,-3.5683683289149504,6.259490681507341,-3.222015490002664,-5.708231376575703
volratio_2025_BTC_n10_r0.75_e15_x30_c1500,2025,component,True,2,1,-10.847446506466662,12.7679907666295,-4.507469712518078,-5.894897531663268
volratio_2025_BTC_n10_r0.75_e15_x30_c1500,2025,component,True,2,2,17.856250001821937,4.6461531597041255,5.78685612080916,137.34246726129717
volratio_2025_BTC_n10_r0.75_e15_x30_c1500,2025,component,True,2,3,2.040806169794629,10.25623667545682,0.8718885321854343,2.716803203584283
volratio_2025_BTC_n10_r0.75_e15_x30_c1500,2025,component,True,2,4,2.7310830612206516,9.661914165640805,1.5060348129678052,4.015213232979095
volratio_2025_BTC_n10_r0.75_e15_x30_c1500,2025,component,True,2,5,0.46960989982838264,7.4003221240460215,0.3411835795717569,0.7926420808402771
volratio_2025_BTC_n10_r0.75_e15_x30_c1500,2025,component,True,2,6,-3.943738553587195,6.501410944388808,-3.6151665755200724,-5.953958710259303
volratio_2025_BTC_n10_r0.75_e15_x30_c1500,2025,component,True,3,1,-11.082566449093335,12.769765457273119,-4.6140289036224535,-5.955320933754359
volratio_2025_BTC_n10_r0.75_e15_x30_c1500,2025,component,True,3,2,17.7022084357114,4.6461589395247245,5.78799966456114,134.83434245841863
volratio_2025_BTC_n10_r0.75_e15_x30_c1500,2025,component,True,3,3,2.0408087635507277,10.256248722624385,0.8718887576431902,2.7168038679383777
volratio_2025_BTC_n10_r0.75_e15_x30_c1500,2025,component,True,3,4,2.4637659833173897,9.661925833142027,1.3704279540906494,3.5669734656775005
volratio_2025_BTC_n10_r0.75_e15_x30_c1500,2025,component,True,3,5,0.4696656114423048,7.401176615802074,0.3411993866509647,0.7926470701159014
volratio_2025_BTC_n10_r0.75_e15_x30_c1500,2025,component,True,3,6,-4.320193357189139,6.746620931183179,-4.003245002197987,-6.161384407844605
volratio_2025_BTC_n10_r1_e15_x30_c1500,2025,component,True,1,1,-10.611753359959996,12.766189911559122,-4.398818008386642,-5.832482306710545
volratio_2025_BTC_n10_r1_e15_x30_c1500,2025,component,True,1,2,18.01034357749145,4.646085031215696,5.785070829898402,139.89021351138027
volratio_2025_BTC_n10_r1_e15_x30_c1500,2025,component,True,1,3,2.040775596419997,10.25609467173323,0.8718858746461214,2.716795372656477
volratio_2025_BTC_n10_r1_e15_x30_c1500,2025,component,True,1,4,3.0041946636500505,9.66177663722123,1.6426841054195316,4.486879508270259
volratio_2025_BTC_n10_r1_e15_x30_c1500,2025,component,True,1,5,0.46984513264805017,7.403930033420814,0.3412503220876154,0.7926631473790463
volratio_2025_BTC_n10_r1_e15_x30_c1500,2025,component,True,1,6,-3.5683683289149504,6.259490681507341,-3.222015490002664,-5.708231376575703
volratio_2025_BTC_n10_r1_e15_x30_c1500,2025,component,True,2,1,-10.847446506466662,12.7679907666295,-4.507469712518078,-5.894897531663268
volratio_2025_BTC_n10_r1_e15_x30_c1500,2025,component,True,2,2,17.856250001821937,4.6461531597041255,5.78685612080916,137.34246726129717
volratio_2025_BTC_n10_r1_e15_x30_c1500,2025,component,True,2,3,2.040806169794629,10.25623667545682,0.8718885321854343,2.716803203584283
volratio_2025_BTC_n10_r1_e15_x30_c1500,2025,component,True,2,4,2.7310830612206516,9.661914165640805,1.5060348129678052,4.015213232979095
volratio_2025_BTC_n10_r1_e15_x30_c1500,2025,component,True,2,5,0.46960989982838264,7.4003221240460215,0.3411835795717569,0.7926420808402771
volratio_2025_BTC_n10_r1_e15_x30_c1500,2025,component,True,2,6,-3.943738553587195,6.501410944388808,-3.6151665755200724,-5.953958710259303
volratio_2025_BTC_n10_r1_e15_x30_c1500,2025,component,True,3,1,-11.082566449093335,12.769765457273119,-4.6140289036224535,-5.955320933754359
volratio_2025_BTC_n10_r1_e15_x30_c1500,2025,component,True,3,2,17.7022084357114,4.6461589395247245,5.78799966456114,134.83434245841863
volratio_2025_BTC_n10_r1_e15_x30_c1500,2025,component,True,3,3,2.0408087635507277,10.256248722624385,0.8718887576431902,2.7168038679383777
volratio_2025_BTC_n10_r1_e15_x30_c1500,2025,component,True,3,4,2.4637659833173897,9.661925833142027,1.3704279540906494,3.5669734656775005
volratio_2025_BTC_n10_r1_e15_x30_c1500,2025,component,True,3,5,0.4696656114423048,7.401176615802074,0.3411993866509647,0.7926470701159014
volratio_2025_BTC_n10_r1_e15_x30_c1500,2025,component,True,3,6,-4.320193357189139,6.746620931183179,-4.003245002197987,-6.161384407844605
volratio_2025_BTC_n10_r1.25_e15_x30_c1500,2025,component,True,1,1,-10.611753359959996,12.766189911559122,-4.398818008386642,-5.832482306710545
volratio_2025_BTC_n10_r1.25_e15_x30_c1500,2025,component,True,1,2,18.01034357749145,4.646085031215696,5.785070829898402,139.89021351138027
volratio_2025_BTC_n10_r1.25_e15_x30_c1500,2025,component,True,1,3,2.040775596419997,10.25609467173323,0.8718858746461214,2.716795372656477
volratio_2025_BTC_n10_r1.25_e15_x30_c1500,2025,component,True,1,4,3.0041946636500505,9.66177663722123,1.6426841054195316,4.486879508270259
volratio_2025_BTC_n10_r1.25_e15_x30_c1500,2025,component,True,1,5,0.46984513264805017,7.403930033420814,0.3412503220876154,0.7926631473790463
volratio_2025_BTC_n10_r1.25_e15_x30_c1500,2025,component,True,1,6,-3.5683683289149504,6.259490681507341,-3.222015490002664,-5.708231376575703
volratio_2025_BTC_n10_r1.25_e15_x30_c1500,2025,component,True,2,1,-10.847446506466662,12.7679907666295,-4.507469712518078,-5.894897531663268
volratio_2025_BTC_n10_r1.25_e15_x30_c1500,2025,component,True,2,2,17.856250001821937,4.6461531597041255,5.78685612080916,137.34246726129717
volratio_2025_BTC_n10_r1.25_e15_x30_c1500,2025,component,True,2,3,2.040806169794629,10.25623667545682,0.8718885321854343,2.716803203584283
volratio_2025_BTC_n10_r1.25_e15_x30_c1500,2025,component,True,2,4,2.7310830612206516,9.661914165640805,1.5060348129678052,4.015213232979095
volratio_2025_BTC_n10_r1.25_e15_x30_c1500,2025,component,True,2,5,0.46960989982838264,7.4003221240460215,0.3411835795717569,0.7926420808402771
volratio_2025_BTC_n10_r1.25_e15_x30_c1500,2025,component,True,2,6,-3.943738553587195,6.501410944388808,-3.6151665755200724,-5.953958710259303
volratio_2025_BTC_n10_r1.25_e15_x30_c1500,2025,component,True,3,1,-11.082566449093335,12.769765457273119,-4.6140289036224535,-5.955320933754359
volratio_2025_BTC_n10_r1.25_e15_x30_c1500,2025,component,True,3,2,17.7022084357114,4.6461589395247245,5.78799966456114,134.83434245841863
volratio_2025_BTC_n10_r1.25_e15_x30_c1500,2025,component,True,3,3,2.0408087635507277,10.256248722624385,0.8718887576431902,2.7168038679383777
volratio_2025_BTC_n10_r1.25_e15_x30_c1500,2025,component,True,3,4,2.4637659833173897,9.661925833142027,1.3704279540906494,3.5669734656775005
volratio_2025_BTC_n10_r1.25_e15_x30_c1500,2025,component,True,3,5,0.4696656114423048,7.401176615802074,0.3411993866509647,0.7926470701159014
volratio_2025_BTC_n10_r1.25_e15_x30_c1500,2025,component,True,3,6,-4.320193357189139,6.746620931183179,-4.003245002197987,-6.161384407844605
volratio_2025_BTC_n20_r0.75_e15_x30_c1500,2025,component,True,1,1,-10.611753359959996,12.766189911559122,-4.398818008386642,-5.832482306710545
volratio_2025_BTC_n20_r0.75_e15_x30_c1500,2025,component,True,1,2,18.01034357749145,4.646085031215696,5.785070829898402,139.89021351138027
volratio_2025_BTC_n20_r0.75_e15_x30_c1500,2025,component,True,1,3,2.040775596419997,10.25609467173323,0.8718858746461214,2.716795372656477
volratio_2025_BTC_n20_r0.75_e15_x30_c1500,2025,component,True,1,4,3.0041946636500505,9.66177663722123,1.6426841054195316,4.486879508270259
volratio_2025_BTC_n20_r0.75_e15_x30_c1500,2025,component,True,1,5,0.46984513264805017,7.403930033420814,0.3412503220876154,0.7926631473790463
volratio_2025_BTC_n20_r0.75_e15_x30_c1500,2025,component,True,1,6,-3.5683683289149504,6.259490681507341,-3.222015490002664,-5.708231376575703
volratio_2025_BTC_n20_r0.75_e15_x30_c1500,2025,component,True,2,1,-10.847446506466662,12.7679907666295,-4.507469712518078,-5.894897531663268
volratio_2025_BTC_n20_r0.75_e15_x30_c1500,2025,component,True,2,2,17.856250001821937,4.6461531597041255,5.78685612080916,137.34246726129717
volratio_2025_BTC_n20_r0.75_e15_x30_c1500,2025,component,True,2,3,2.040806169794629,10.25623667545682,0.8718885321854343,2.716803203584283
volratio_2025_BTC_n20_r0.75_e15_x30_c1500,2025,component,True,2,4,2.7310830612206516,9.661914165640805,1.5060348129678052,4.015213232979095
volratio_2025_BTC_n20_r0.75_e15_x30_c1500,2025,component,True,2,5,0.46960989982838264,7.4003221240460215,0.3411835795717569,0.7926420808402771
volratio_2025_BTC_n20_r0.75_e15_x30_c1500,2025,component,True,2,6,-3.943738553587195,6.501410944388808,-3.6151665755200724,-5.953958710259303
volratio_2025_BTC_n20_r0.75_e15_x30_c1500,2025,component,True,3,1,-11.082566449093335,12.769765457273119,-4.6140289036224535,-5.955320933754359
volratio_2025_BTC_n20_r0.75_e15_x30_c1500,2025,component,True,3,2,17.7022084357114,4.6461589395247245,5.78799966456114,134.83434245841863
volratio_2025_BTC_n20_r0.75_e15_x30_c1500,2025,component,True,3,3,2.0408087635507277,10.256248722624385,0.8718887576431902,2.7168038679383777
volratio_2025_BTC_n20_r0.75_e15_x30_c1500,2025,component,True,3,4,2.4637659833173897,9.661925833142027,1.3704279540906494,3.5669734656775005
volratio_2025_BTC_n20_r0.75_e15_x30_c1500,2025,component,True,3,5,0.4696656114423048,7.401176615802074,0.3411993866509647,0.7926470701159014
volratio_2025_BTC_n20_r0.75_e15_x30_c1500,2025,component,True,3,6,-4.320193357189139,6.746620931183179,-4.003245002197987,-6.161384407844605
volratio_2025_BTC_n20_r1_e15_x30_c1500,2025,component,True,1,1,-10.611753359959996,12.766189911559122,-4.398818008386642,-5.832482306710545
volratio_2025_BTC_n20_r1_e15_x30_c1500,2025,component,True,1,2,18.01034357749145,4.646085031215696,5.785070829898402,139.89021351138027
volratio_2025_BTC_n20_r1_e15_x30_c1500,2025,component,True,1,3,2.040775596419997,10.25609467173323,0.8718858746461214,2.716795372656477
volratio_2025_BTC_n20_r1_e15_x30_c1500,2025,component,True,1,4,3.0041946636500505,9.66177663722123,1.6426841054195316,4.486879508270259
volratio_2025_BTC_n20_r1_e15_x30_c1500,2025,component,True,1,5,0.46984513264805017,7.403930033420814,0.3412503220876154,0.7926631473790463
volratio_2025_BTC_n20_r1_e15_x30_c1500,2025,component,True,1,6,-3.5683683289149504,6.259490681507341,-3.222015490002664,-5.708231376575703
volratio_2025_BTC_n20_r1_e15_x30_c1500,2025,component,True,2,1,-10.847446506466662,12.7679907666295,-4.507469712518078,-5.894897531663268
volratio_2025_BTC_n20_r1_e15_x30_c1500,2025,component,True,2,2,17.856250001821937,4.6461531597041255,5.78685612080916,137.34246726129717
volratio_2025_BTC_n20_r1_e15_x30_c1500,2025,component,True,2,3,2.040806169794629,10.25623667545682,0.8718885321854343,2.716803203584283
volratio_2025_BTC_n20_r1_e15_x30_c1500,2025,component,True,2,4,2.7310830612206516,9.661914165640805,1.5060348129678052,4.015213232979095
volratio_2025_BTC_n20_r1_e15_x30_c1500,2025,component,True,2,5,0.46960989982838264,7.4003221240460215,0.3411835795717569,0.7926420808402771
volratio_2025_BTC_n20_r1_e15_x30_c1500,2025,component,True,2,6,-3.943738553587195,6.501410944388808,-3.6151665755200724,-5.953958710259303
volratio_2025_BTC_n20_r1_e15_x30_c1500,2025,component,True,3,1,-11.082566449093335,12.769765457273119,-4.6140289036224535,-5.955320933754359
volratio_2025_BTC_n20_r1_e15_x30_c1500,2025,component,True,3,2,17.7022084357114,4.6461589395247245,5.78799966456114,134.83434245841863
volratio_2025_BTC_n20_r1_e15_x30_c1500,2025,component,True,3,3,2.0408087635507277,10.256248722624385,0.8718887576431902,2.7168038679383777
volratio_2025_BTC_n20_r1_e15_x30_c1500,2025,component,True,3,4,2.4637659833173897,9.661925833142027,1.3704279540906494,3.5669734656775005
volratio_2025_BTC_n20_r1_e15_x30_c1500,2025,component,True,3,5,0.4696656114423048,7.401176615802074,0.3411993866509647,0.7926470701159014
volratio_2025_BTC_n20_r1_e15_x30_c1500,2025,component,True,3,6,-4.320193357189139,6.746620931183179,-4.003245002197987,-6.161384407844605
volratio_2025_BTC_n20_r1.25_e15_x30_c1500,2025,component,True,1,1,0.0,0.0,,
volratio_2025_BTC_n20_r1.25_e15_x30_c1500,2025,component,True,1,2,10.304481196880012,4.646590978642518,4.400805166955144,49.45006918149285
volratio_2025_BTC_n20_r1.25_e15_x30_c1500,2025,component,True,1,3,2.0410026461043618,10.257149238516995,0.8719056104960684,2.716853528642114
volratio_2025_BTC_n20_r1.25_e15_x30_c1500,2025,component,True,1,4,3.0009557960826383,9.662797971461877,1.6413880671228676,4.480730696416827
volratio_2025_BTC_n20_r1.25_e15_x30_c1500,2025,component,True,1,5,0.46969192364001433,7.401580184279299,0.34120685221199926,0.7926494265239118
volratio_2025_BTC_n20_r1.25_e15_x30_c1500,2025,component,True,1,6,-4.93717992732493,6.033215446618079,-4.923058726220728,-7.623022213966389
volratio_2025_BTC_n20_r1.25_e15_x30_c1500,2025,component,True,2,1,0.0,0.0,,
volratio_2025_BTC_n20_r1.25_e15_x30_c1500,2025,component,True,2,2,10.160578961226685,4.646836026368439,4.3394943986386965,48.329197155917186
volratio_2025_BTC_n20_r1.25_e15_x30_c1500,2025,component,True,2,3,2.0411126144541436,10.257659996846503,0.8719151692276119,2.7168816960919875
volratio_2025_BTC_n20_r1.25_e15_x30_c1500,2025,component,True,2,4,2.7305578831420263,9.663292636392097,1.5056863064010735,4.0137471327819165
volratio_2025_BTC_n20_r1.25_e15_x30_c1500,2025,component,True,2,5,0.46962732341142566,7.400589363485411,0.3411885231751599,0.7926436412134575
volratio_2025_BTC_n20_r1.25_e15_x30_c1500,2025,component,True,2,6,-5.060902891291253,6.032396248073013,-5.0503325952128915,-7.7648019115847315
volratio_2025_BTC_n20_r1.25_e15_x30_c1500,2025,component,True,3,1,0.0,0.0,,
volratio_2025_BTC_n20_r1.25_e15_x30_c1500,2025,component,True,3,2,10.016942520933325,4.647070725539148,4.2773146511587194,47.22676200241527
volratio_2025_BTC_n20_r1.25_e15_x30_c1500,2025,component,True,3,3,2.041217938990969,10.258149182638999,0.8719243242749969,2.7169086743192494
volratio_2025_BTC_n20_r1.25_e15_x30_c1500,2025,component,True,3,4,2.465733090950528,9.663766409806861,1.3710015439826502,3.5695444808320334
volratio_2025_BTC_n20_r1.25_e15_x30_c1500,2025,component,True,3,5,0.46985282178997334,7.404047964856786,0.341252503716493,0.7926638359963011
volratio_2025_BTC_n20_r1.25_e15_x30_c1500,2025,component,True,3,6,-5.187712712185178,6.035255791137184,-5.170409691179113,-7.9032017743453205
volratio_2025_BTC_n30_r0.75_e15_x30_c1500,2025,component,True,1,1,-10.611753359959996,12.766189911559122,-4.398818008386642,-5.832482306710545
volratio_2025_BTC_n30_r0.75_e15_x30_c1500,2025,component,True,1,2,18.01034357749145,4.646085031215696,5.785070829898402,139.89021351138027
volratio_2025_BTC_n30_r0.75_e15_x30_c1500,2025,component,True,1,3,2.040775596419997,10.25609467173323,0.8718858746461214,2.716795372656477
volratio_2025_BTC_n30_r0.75_e15_x30_c1500,2025,component,True,1,4,3.0041946636500505,9.66177663722123,1.6426841054195316,4.486879508270259
volratio_2025_BTC_n30_r0.75_e15_x30_c1500,2025,component,True,1,5,0.46984513264805017,7.403930033420814,0.3412503220876154,0.7926631473790463
volratio_2025_BTC_n30_r0.75_e15_x30_c1500,2025,component,True,1,6,-3.5683683289149504,6.259490681507341,-3.222015490002664,-5.708231376575703
volratio_2025_BTC_n30_r0.75_e15_x30_c1500,2025,component,True,2,1,-10.847446506466662,12.7679907666295,-4.507469712518078,-5.894897531663268
volratio_2025_BTC_n30_r0.75_e15_x30_c1500,2025,component,True,2,2,17.856250001821937,4.6461531597041255,5.78685612080916,137.34246726129717
volratio_2025_BTC_n30_r0.75_e15_x30_c1500,2025,component,True,2,3,2.040806169794629,10.25623667545682,0.8718885321854343,2.716803203584283
volratio_2025_BTC_n30_r0.75_e15_x30_c1500,2025,component,True,2,4,2.7310830612206516,9.661914165640805,1.5060348129678052,4.015213232979095
volratio_2025_BTC_n30_r0.75_e15_x30_c1500,2025,component,True,2,5,0.46960989982838264,7.4003221240460215,0.3411835795717569,0.7926420808402771
volratio_2025_BTC_n30_r0.75_e15_x30_c1500,2025,component,True,2,6,-3.943738553587195,6.501410944388808,-3.6151665755200724,-5.953958710259303
volratio_2025_BTC_n30_r0.75_e15_x30_c1500,2025,component,True,3,1,-11.082566449093335,12.769765457273119,-4.6140289036224535,-5.955320933754359
volratio_2025_BTC_n30_r0.75_e15_x30_c1500,2025,component,True,3,2,17.7022084357114,4.6461589395247245,5.78799966456114,134.83434245841863
volratio_2025_BTC_n30_r0.75_e15_x30_c1500,2025,component,True,3,3,2.0408087635507277,10.256248722624385,0.8718887576431902,2.7168038679383777
volratio_2025_BTC_n30_r0.75_e15_x30_c1500,2025,component,True,3,4,2.4637659833173897,9.661925833142027,1.3704279540906494,3.5669734656775005
volratio_2025_BTC_n30_r0.75_e15_x30_c1500,2025,component,True,3,5,0.4696656114423048,7.401176615802074,0.3411993866509647,0.7926470701159014
volratio_2025_BTC_n30_r0.75_e15_x30_c1500,2025,component,True,3,6,-4.320193357189139,6.746620931183179,-4.003245002197987,-6.161384407844605
volratio_2025_BTC_n30_r1_e15_x30_c1500,2025,component,True,1,1,0.0,0.0,,
volratio_2025_BTC_n30_r1_e15_x30_c1500,2025,component,True,1,2,18.015374269793337,4.647178659349283,5.785084806875009,139.94101130925404
volratio_2025_BTC_n30_r1_e15_x30_c1500,2025,component,True,1,3,2.0412663758758276,10.25837414921693,0.871928534508272,2.7169210812091973
volratio_2025_BTC_n30_r1_e15_x30_c1500,2025,component,True,1,4,2.999105060925289,9.663984288971994,1.6405762614422816,4.476939425353699
volratio_2025_BTC_n30_r1_e15_x30_c1500,2025,component,True,1,5,0.46962470314979576,7.400549174469173,0.3411877797269952,0.7926434065551498
volratio_2025_BTC_n30_r1_e15_x30_c1500,2025,component,True,1,6,-3.5663157661274925,6.256902464769398,-3.221534876730928,-5.707932243854745
volratio_2025_BTC_n30_r1_e15_x30_c1500,2025,component,True,2,1,0.0,0.0,,
volratio_2025_BTC_n30_r1_e15_x30_c1500,2025,component,True,2,2,17.863348590733352,4.647721910842007,5.786877612396223,137.4125279815559
volratio_2025_BTC_n30_r1_e15_x30_c1500,2025,component,True,2,3,2.0415101687140114,10.25950644014425,0.8719497253807894,2.7169835284332238
volratio_2025_BTC_n30_r1_e15_x30_c1500,2025,component,True,2,4,2.7301995903900256,9.665080911947022,1.5053537124727547,4.012395176916368
volratio_2025_BTC_n30_r1_e15_x30_c1500,2025,component,True,2,5,0.46966983576912646,7.401241407322024,0.34120058521982155,0.7926474484281899
volratio_2025_BTC_n30_r1_e15_x30_c1500,2025,component,True,2,6,-3.9444811588607687,6.502441655572611,-3.6153950048593235,-5.953901492501556
volratio_2025_BTC_n30_r1_e15_x30_c1500,2025,component,True,3,1,0.0,0.0,,
volratio_2025_BTC_n30_r1_e15_x30_c1500,2025,component,True,3,2,17.701191376653334,4.645992634381857,5.78799874192521,134.82273100168945
volratio_2025_BTC_n30_r1_e15_x30_c1500,2025,component,True,3,3,2.040734132401578,10.255902083874114,0.8718822704516708,2.7167847522807325
volratio_2025_BTC_n30_r1_e15_x30_c1500,2025,component,True,3,4,2.4649008012727736,9.661590119016061,1.3708634952377787,3.5689728831372785
volratio_2025_BTC_n30_r1_e15_x30_c1500,2025,component,True,3,5,0.46974073903554014,7.402328896756227,0.3412207025899454,0.7926537982369581
volratio_2025_BTC_n30_r1_e15_x30_c1500,2025,component,True,3,6,-4.321582347359665,6.747717076735393,-4.004084533972749,-6.161912854530318
volratio_2025_BTC_n30_r1.25_e15_x30_c1500,2025,component,True,1,1,0.0,0.0,,
volratio_2025_BTC_n30_r1.25_e15_x30_c1500,2025,component,True,1,2,18.015374269793337,4.647178659349283,5.785084806875009,139.94101130925404
volratio_2025_BTC_n30_r1.25_e15_x30_c1500,2025,component,True,1,3,2.0412663758758276,10.25837414921693,0.871928534508272,2.7169210812091973
volratio_2025_BTC_n30_r1.25_e15_x30_c1500,2025,component,True,1,4,2.999105060925289,9.663984288971994,1.6405762614422816,4.476939425353699
volratio_2025_BTC_n30_r1.25_e15_x30_c1500,2025,component,True,1,5,0.46962470314979576,7.400549174469173,0.3411877797269952,0.7926434065551498
volratio_2025_BTC_n30_r1.25_e15_x30_c1500,2025,component,True,1,6,-4.9365104160870255,6.032363020350884,-4.923101174517363,-7.62333220872567
volratio_2025_BTC_n30_r1.25_e15_x30_c1500,2025,component,True,2,1,0.0,0.0,,
volratio_2025_BTC_n30_r1.25_e15_x30_c1500,2025,component,True,2,2,17.863348590733352,4.647721910842007,5.786877612396223,137.4125279815559
volratio_2025_BTC_n30_r1.25_e15_x30_c1500,2025,component,True,2,3,2.0415101687140114,10.25950644014425,0.8719497253807894,2.7169835284332238
volratio_2025_BTC_n30_r1.25_e15_x30_c1500,2025,component,True,2,4,2.7301995903900256,9.665080911947022,1.5053537124727547,4.012395176916368
volratio_2025_BTC_n30_r1.25_e15_x30_c1500,2025,component,True,2,5,0.46966983576912646,7.401241407322024,0.34120058521982155,0.7926474484281899
volratio_2025_BTC_n30_r1.25_e15_x30_c1500,2025,component,True,2,6,-5.061417935353473,6.032935349609536,-5.050387237272967,-7.7646896330763715
volratio_2025_BTC_n30_r1.25_e15_x30_c1500,2025,component,True,3,1,0.0,0.0,,
volratio_2025_BTC_n30_r1.25_e15_x30_c1500,2025,component,True,3,2,17.701191376653334,4.645992634381857,5.78799874192521,134.82273100168945
volratio_2025_BTC_n30_r1.25_e15_x30_c1500,2025,component,True,3,3,2.040734132401578,10.255902083874114,0.8718822704516708,2.7167847522807325
volratio_2025_BTC_n30_r1.25_e15_x30_c1500,2025,component,True,3,4,2.4649008012727736,9.661590119016061,1.3708634952377787,3.5689728831372785
volratio_2025_BTC_n30_r1.25_e15_x30_c1500,2025,component,True,3,5,0.46974073903554014,7.402328896756227,0.3412207025899454,0.7926537982369581
volratio_2025_BTC_n30_r1.25_e15_x30_c1500,2025,component,True,3,6,-5.186565268066568,6.033834475042066,-5.170498760574253,-7.9037870128881424
volratio_2026_BTC_n10_r0.75_e15_x30_c1500,2026,component,True,1,1,4.251100067479996,4.319618638202982,2.2343663164464407,15.267900114736342
volratio_2026_BTC_n10_r0.75_e15_x30_c1500,2026,component,True,1,2,4.095375604896678,6.23726846291881,1.7338914996876902,10.094250250375593
volratio_2026_BTC_n10_r0.75_e15_x30_c1500,2026,component,True,1,3,-3.5409103798156427,4.009110102104774,-4.071185394576784,-8.85673256073926
volratio_2026_BTC_n10_r0.75_e15_x30_c1500,2026,component,True,1,4,0.9806432794805975,4.328300957972154,0.6834253430516973,2.9126041445708006
volratio_2026_BTC_n10_r0.75_e15_x30_c1500,2026,component,True,1,5,-2.6796089311572624,6.9227128847813795,-1.3592793188855166,-4.065049959357931
volratio_2026_BTC_n10_r0.75_e15_x30_c1500,2026,component,True,1,6,21.74574437180643,6.887566015869517,5.21712523302529,144.56343227335543
volratio_2026_BTC_n10_r0.75_e15_x30_c1500,2026,component,True,2,1,4.114035386999992,4.319063039957227,2.1588247296385257,14.659733775301786
volratio_2026_BTC_n10_r0.75_e15_x30_c1500,2026,component,True,2,2,4.094858223632292,6.236554031885189,1.733870496003159,10.093826530378006
volratio_2026_BTC_n10_r0.75_e15_x30_c1500,2026,component,True,2,3,-3.6667288700132694,4.134261413144069,-4.216167333637678,-8.834390499284444
volratio_2026_BTC_n10_r0.75_e15_x30_c1500,2026,component,True,2,4,0.8484413921144629,4.327618236871955,0.6024456388318521,2.501616433482476
volratio_2026_BTC_n10_r0.75_e15_x30_c1500,2026,component,True,2,5,-2.6791869746019326,6.921658177789547,-1.3592935294269044,-4.065121716434996
volratio_2026_BTC_n10_r0.75_e15_x30_c1500,2026,component,True,2,6,21.58256034108441,6.886710214902802,5.178886649343909,142.00612019941696
volratio_2026_BTC_n10_r0.75_e15_x30_c1500,2026,component,True,3,1,3.9772864280799958,4.318492628985782,2.0834395150728917,14.061739021303005
volratio_2026_BTC_n10_r0.75_e15_x30_c1500,2026,component,True,3,2,4.094327046075241,6.235820532574799,1.733848931997764,10.093391530232532
volratio_2026_BTC_n10_r0.75_e15_x30_c1500,2026,component,True,3,3,-3.792444894939362,4.259309399091293,-4.352808564626699,-8.809931191769092
volratio_2026_BTC_n10_r0.75_e15_x30_c1500,2026,component,True,3,4,0.7165508870364601,4.326854455682472,0.5222845168954209,2.0974665034343083
volratio_2026_BTC_n10_r0.75_e15_x30_c1500,2026,component,True,3,5,-2.678714918501024,6.920478231038429,-1.3593094271813366,-4.065201995342369
volratio_2026_BTC_n10_r0.75_e15_x30_c1500,2026,component,True,3,6,21.419092169371545,6.885752735989136,5.1402851077061875,139.48416116582544
volratio_2026_BTC_n10_r1_e15_x30_c1500,2026,component,True,1,1,4.251100067479996,4.319618638202982,2.2343663164464407,15.267900114736342
volratio_2026_BTC_n10_r1_e15_x30_c1500,2026,component,True,1,2,4.095375604896678,6.23726846291881,1.7338914996876902,10.094250250375593
volratio_2026_BTC_n10_r1_e15_x30_c1500,2026,component,True,1,3,-3.5409103798156427,4.009110102104774,-4.071185394576784,-8.85673256073926
volratio_2026_BTC_n10_r1_e15_x30_c1500,2026,component,True,1,4,0.9806432794805975,4.328300957972154,0.6834253430516973,2.9126041445708006
volratio_2026_BTC_n10_r1_e15_x30_c1500,2026,component,True,1,5,-2.6796089311572624,6.9227128847813795,-1.3592793188855166,-4.065049959357931
volratio_2026_BTC_n10_r1_e15_x30_c1500,2026,component,True,1,6,21.74574437180643,6.887566015869517,5.21712523302529,144.56343227335543
volratio_2026_BTC_n10_r1_e15_x30_c1500,2026,component,True,2,1,4.114035386999992,4.319063039957227,2.1588247296385257,14.659733775301786
volratio_2026_BTC_n10_r1_e15_x30_c1500,2026,component,True,2,2,4.094858223632292,6.236554031885189,1.733870496003159,10.093826530378006
volratio_2026_BTC_n10_r1_e15_x30_c1500,2026,component,True,2,3,-3.6667288700132694,4.134261413144069,-4.216167333637678,-8.834390499284444
volratio_2026_BTC_n10_r1_e15_x30_c1500,2026,component,True,2,4,0.8484413921144629,4.327618236871955,0.6024456388318521,2.501616433482476
volratio_2026_BTC_n10_r1_e15_x30_c1500,2026,component,True,2,5,-2.6791869746019326,6.921658177789547,-1.3592935294269044,-4.065121716434996
volratio_2026_BTC_n10_r1_e15_x30_c1500,2026,component,True,2,6,21.58256034108441,6.886710214902802,5.178886649343909,142.00612019941696
volratio_2026_BTC_n10_r1_e15_x30_c1500,2026,component,True,3,1,3.9772864280799958,4.318492628985782,2.0834395150728917,14.061739021303005
volratio_2026_BTC_n10_r1_e15_x30_c1500,2026,component,True,3,2,4.094327046075241,6.235820532574799,1.733848931997764,10.093391530232532
volratio_2026_BTC_n10_r1_e15_x30_c1500,2026,component,True,3,3,-3.792444894939362,4.259309399091293,-4.352808564626699,-8.809931191769092
volratio_2026_BTC_n10_r1_e15_x30_c1500,2026,component,True,3,4,0.7165508870364601,4.326854455682472,0.5222845168954209,2.0974665034343083
volratio_2026_BTC_n10_r1_e15_x30_c1500,2026,component,True,3,5,-2.678714918501024,6.920478231038429,-1.3593094271813366,-4.065201995342369
volratio_2026_BTC_n10_r1_e15_x30_c1500,2026,component,True,3,6,21.419092169371545,6.885752735989136,5.1402851077061875,139.48416116582544
volratio_2026_BTC_n10_r1.25_e15_x30_c1500,2026,component,True,1,1,4.251100067479996,4.319618638202982,2.2343663164464407,15.267900114736342
volratio_2026_BTC_n10_r1.25_e15_x30_c1500,2026,component,True,1,2,4.095375604896678,6.23726846291881,1.7338914996876902,10.094250250375593
volratio_2026_BTC_n10_r1.25_e15_x30_c1500,2026,component,True,1,3,-3.5409103798156427,4.009110102104774,-4.071185394576784,-8.85673256073926
volratio_2026_BTC_n10_r1.25_e15_x30_c1500,2026,component,True,1,4,0.9806432794805975,4.328300957972154,0.6834253430516973,2.9126041445708006
volratio_2026_BTC_n10_r1.25_e15_x30_c1500,2026,component,True,1,5,-2.6796089311572624,6.9227128847813795,-1.3592793188855166,-4.065049959357931
volratio_2026_BTC_n10_r1.25_e15_x30_c1500,2026,component,True,1,6,21.74574437180643,6.887566015869517,5.21712523302529,144.56343227335543
volratio_2026_BTC_n10_r1.25_e15_x30_c1500,2026,component,True,2,1,4.114035386999992,4.319063039957227,2.1588247296385257,14.659733775301786
volratio_2026_BTC_n10_r1.25_e15_x30_c1500,2026,component,True,2,2,4.094858223632292,6.236554031885189,1.733870496003159,10.093826530378006
volratio_2026_BTC_n10_r1.25_e15_x30_c1500,2026,component,True,2,3,-3.6667288700132694,4.134261413144069,-4.216167333637678,-8.834390499284444
volratio_2026_BTC_n10_r1.25_e15_x30_c1500,2026,component,True,2,4,0.8484413921144629,4.327618236871955,0.6024456388318521,2.501616433482476
volratio_2026_BTC_n10_r1.25_e15_x30_c1500,2026,component,True,2,5,-2.6791869746019326,6.921658177789547,-1.3592935294269044,-4.065121716434996
volratio_2026_BTC_n10_r1.25_e15_x30_c1500,2026,component,True,2,6,21.58256034108441,6.886710214902802,5.178886649343909,142.00612019941696
volratio_2026_BTC_n10_r1.25_e15_x30_c1500,2026,component,True,3,1,3.9772864280799958,4.318492628985782,2.0834395150728917,14.061739021303005
volratio_2026_BTC_n10_r1.25_e15_x30_c1500,2026,component,True,3,2,4.094327046075241,6.235820532574799,1.733848931997764,10.093391530232532
volratio_2026_BTC_n10_r1.25_e15_x30_c1500,2026,component,True,3,3,-3.792444894939362,4.259309399091293,-4.352808564626699,-8.809931191769092
volratio_2026_BTC_n10_r1.25_e15_x30_c1500,2026,component,True,3,4,0.7165508870364601,4.326854455682472,0.5222845168954209,2.0974665034343083
volratio_2026_BTC_n10_r1.25_e15_x30_c1500,2026,component,True,3,5,-2.678714918501024,6.920478231038429,-1.3593094271813366,-4.065201995342369
volratio_2026_BTC_n10_r1.25_e15_x30_c1500,2026,component,True,3,6,21.419092169371545,6.885752735989136,5.1402851077061875,139.48416116582544
volratio_2026_BTC_n20_r0.75_e15_x30_c1500,2026,component,True,1,1,4.251100067479996,4.319618638202982,2.2343663164464407,15.267900114736342
volratio_2026_BTC_n20_r0.75_e15_x30_c1500,2026,component,True,1,2,4.095375604896678,6.23726846291881,1.7338914996876902,10.094250250375593
volratio_2026_BTC_n20_r0.75_e15_x30_c1500,2026,component,True,1,3,-3.5409103798156427,4.009110102104774,-4.071185394576784,-8.85673256073926
volratio_2026_BTC_n20_r0.75_e15_x30_c1500,2026,component,True,1,4,0.9806432794805975,4.328300957972154,0.6834253430516973,2.9126041445708006
volratio_2026_BTC_n20_r0.75_e15_x30_c1500,2026,component,True,1,5,-2.6796089311572624,6.9227128847813795,-1.3592793188855166,-4.065049959357931
volratio_2026_BTC_n20_r0.75_e15_x30_c1500,2026,component,True,1,6,21.74574437180643,6.887566015869517,5.21712523302529,144.56343227335543
volratio_2026_BTC_n20_r0.75_e15_x30_c1500,2026,component,True,2,1,4.114035386999992,4.319063039957227,2.1588247296385257,14.659733775301786
volratio_2026_BTC_n20_r0.75_e15_x30_c1500,2026,component,True,2,2,4.094858223632292,6.236554031885189,1.733870496003159,10.093826530378006
volratio_2026_BTC_n20_r0.75_e15_x30_c1500,2026,component,True,2,3,-3.6667288700132694,4.134261413144069,-4.216167333637678,-8.834390499284444
volratio_2026_BTC_n20_r0.75_e15_x30_c1500,2026,component,True,2,4,0.8484413921144629,4.327618236871955,0.6024456388318521,2.501616433482476
volratio_2026_BTC_n20_r0.75_e15_x30_c1500,2026,component,True,2,5,-2.6791869746019326,6.921658177789547,-1.3592935294269044,-4.065121716434996
volratio_2026_BTC_n20_r0.75_e15_x30_c1500,2026,component,True,2,6,21.58256034108441,6.886710214902802,5.178886649343909,142.00612019941696
volratio_2026_BTC_n20_r0.75_e15_x30_c1500,2026,component,True,3,1,3.9772864280799958,4.318492628985782,2.0834395150728917,14.061739021303005
volratio_2026_BTC_n20_r0.75_e15_x30_c1500,2026,component,True,3,2,4.094327046075241,6.235820532574799,1.733848931997764,10.093391530232532
volratio_2026_BTC_n20_r0.75_e15_x30_c1500,2026,component,True,3,3,-3.792444894939362,4.259309399091293,-4.352808564626699,-8.809931191769092
volratio_2026_BTC_n20_r0.75_e15_x30_c1500,2026,component,True,3,4,0.7165508870364601,4.326854455682472,0.5222845168954209,2.0974665034343083
volratio_2026_BTC_n20_r0.75_e15_x30_c1500,2026,component,True,3,5,-2.678714918501024,6.920478231038429,-1.3593094271813366,-4.065201995342369
volratio_2026_BTC_n20_r0.75_e15_x30_c1500,2026,component,True,3,6,21.419092169371545,6.885752735989136,5.1402851077061875,139.48416116582544
volratio_2026_BTC_n20_r1_e15_x30_c1500,2026,component,True,1,1,4.251100067479996,4.319618638202982,2.2343663164464407,15.267900114736342
volratio_2026_BTC_n20_r1_e15_x30_c1500,2026,component,True,1,2,4.095375604896678,6.23726846291881,1.7338914996876902,10.094250250375593
volratio_2026_BTC_n20_r1_e15_x30_c1500,2026,component,True,1,3,-3.5409103798156427,4.009110102104774,-4.071185394576784,-8.85673256073926
volratio_2026_BTC_n20_r1_e15_x30_c1500,2026,component,True,1,4,0.9806432794805975,4.328300957972154,0.6834253430516973,2.9126041445708006
volratio_2026_BTC_n20_r1_e15_x30_c1500,2026,component,True,1,5,-2.6796089311572624,6.9227128847813795,-1.3592793188855166,-4.065049959357931
volratio_2026_BTC_n20_r1_e15_x30_c1500,2026,component,True,1,6,21.74574437180643,6.887566015869517,5.21712523302529,144.56343227335543
volratio_2026_BTC_n20_r1_e15_x30_c1500,2026,component,True,2,1,4.114035386999992,4.319063039957227,2.1588247296385257,14.659733775301786
volratio_2026_BTC_n20_r1_e15_x30_c1500,2026,component,True,2,2,4.094858223632292,6.236554031885189,1.733870496003159,10.093826530378006
volratio_2026_BTC_n20_r1_e15_x30_c1500,2026,component,True,2,3,-3.6667288700132694,4.134261413144069,-4.216167333637678,-8.834390499284444
volratio_2026_BTC_n20_r1_e15_x30_c1500,2026,component,True,2,4,0.8484413921144629,4.327618236871955,0.6024456388318521,2.501616433482476
volratio_2026_BTC_n20_r1_e15_x30_c1500,2026,component,True,2,5,-2.6791869746019326,6.921658177789547,-1.3592935294269044,-4.065121716434996
volratio_2026_BTC_n20_r1_e15_x30_c1500,2026,component,True,2,6,21.58256034108441,6.886710214902802,5.178886649343909,142.00612019941696
volratio_2026_BTC_n20_r1_e15_x30_c1500,2026,component,True,3,1,3.9772864280799958,4.318492628985782,2.0834395150728917,14.061739021303005
volratio_2026_BTC_n20_r1_e15_x30_c1500,2026,component,True,3,2,4.094327046075241,6.235820532574799,1.733848931997764,10.093391530232532
volratio_2026_BTC_n20_r1_e15_x30_c1500,2026,component,True,3,3,-3.792444894939362,4.259309399091293,-4.352808564626699,-8.809931191769092
volratio_2026_BTC_n20_r1_e15_x30_c1500,2026,component,True,3,4,0.7165508870364601,4.326854455682472,0.5222845168954209,2.0974665034343083
volratio_2026_BTC_n20_r1_e15_x30_c1500,2026,component,True,3,5,-2.678714918501024,6.920478231038429,-1.3593094271813366,-4.065201995342369
volratio_2026_BTC_n20_r1_e15_x30_c1500,2026,component,True,3,6,21.419092169371545,6.885752735989136,5.1402851077061875,139.48416116582544
volratio_2026_BTC_n20_r1.25_e15_x30_c1500,2026,component,True,1,1,4.251100067479996,4.319618638202982,2.2343663164464407,15.267900114736342
volratio_2026_BTC_n20_r1.25_e15_x30_c1500,2026,component,True,1,2,4.095375604896678,6.23726846291881,1.7338914996876902,10.094250250375593
volratio_2026_BTC_n20_r1.25_e15_x30_c1500,2026,component,True,1,3,-3.5409103798156427,4.009110102104774,-4.071185394576784,-8.85673256073926
volratio_2026_BTC_n20_r1.25_e15_x30_c1500,2026,component,True,1,4,0.9806432794805975,4.328300957972154,0.6834253430516973,2.9126041445708006
volratio_2026_BTC_n20_r1.25_e15_x30_c1500,2026,component,True,1,5,-2.6796089311572624,6.9227128847813795,-1.3592793188855166,-4.065049959357931
volratio_2026_BTC_n20_r1.25_e15_x30_c1500,2026,component,True,1,6,21.74574437180643,6.887566015869517,5.21712523302529,144.56343227335543
volratio_2026_BTC_n20_r1.25_e15_x30_c1500,2026,component,True,2,1,4.114035386999992,4.319063039957227,2.1588247296385257,14.659733775301786
volratio_2026_BTC_n20_r1.25_e15_x30_c1500,2026,component,True,2,2,4.094858223632292,6.236554031885189,1.733870496003159,10.093826530378006
volratio_2026_BTC_n20_r1.25_e15_x30_c1500,2026,component,True,2,3,-3.6667288700132694,4.134261413144069,-4.216167333637678,-8.834390499284444
volratio_2026_BTC_n20_r1.25_e15_x30_c1500,2026,component,True,2,4,0.8484413921144629,4.327618236871955,0.6024456388318521,2.501616433482476
volratio_2026_BTC_n20_r1.25_e15_x30_c1500,2026,component,True,2,5,-2.6791869746019326,6.921658177789547,-1.3592935294269044,-4.065121716434996
volratio_2026_BTC_n20_r1.25_e15_x30_c1500,2026,component,True,2,6,21.58256034108441,6.886710214902802,5.178886649343909,142.00612019941696
volratio_2026_BTC_n20_r1.25_e15_x30_c1500,2026,component,True,3,1,3.9772864280799958,4.318492628985782,2.0834395150728917,14.061739021303005
volratio_2026_BTC_n20_r1.25_e15_x30_c1500,2026,component,True,3,2,4.094327046075241,6.235820532574799,1.733848931997764,10.093391530232532
volratio_2026_BTC_n20_r1.25_e15_x30_c1500,2026,component,True,3,3,-3.792444894939362,4.259309399091293,-4.352808564626699,-8.809931191769092
volratio_2026_BTC_n20_r1.25_e15_x30_c1500,2026,component,True,3,4,0.7165508870364601,4.326854455682472,0.5222845168954209,2.0974665034343083
volratio_2026_BTC_n20_r1.25_e15_x30_c1500,2026,component,True,3,5,-2.678714918501024,6.920478231038429,-1.3593094271813366,-4.065201995342369
volratio_2026_BTC_n20_r1.25_e15_x30_c1500,2026,component,True,3,6,21.419092169371545,6.885752735989136,5.1402851077061875,139.48416116582544
volratio_2026_BTC_n30_r0.75_e15_x30_c1500,2026,component,True,1,1,4.251100067479996,4.319618638202982,2.2343663164464407,15.267900114736342
volratio_2026_BTC_n30_r0.75_e15_x30_c1500,2026,component,True,1,2,4.095375604896678,6.23726846291881,1.7338914996876902,10.094250250375593
volratio_2026_BTC_n30_r0.75_e15_x30_c1500,2026,component,True,1,3,-3.5409103798156427,4.009110102104774,-4.071185394576784,-8.85673256073926
volratio_2026_BTC_n30_r0.75_e15_x30_c1500,2026,component,True,1,4,0.9806432794805975,4.328300957972154,0.6834253430516973,2.9126041445708006
volratio_2026_BTC_n30_r0.75_e15_x30_c1500,2026,component,True,1,5,-2.6796089311572624,6.9227128847813795,-1.3592793188855166,-4.065049959357931
volratio_2026_BTC_n30_r0.75_e15_x30_c1500,2026,component,True,1,6,21.74574437180643,6.887566015869517,5.21712523302529,144.56343227335543
volratio_2026_BTC_n30_r0.75_e15_x30_c1500,2026,component,True,2,1,4.114035386999992,4.319063039957227,2.1588247296385257,14.659733775301786
volratio_2026_BTC_n30_r0.75_e15_x30_c1500,2026,component,True,2,2,4.094858223632292,6.236554031885189,1.733870496003159,10.093826530378006
volratio_2026_BTC_n30_r0.75_e15_x30_c1500,2026,component,True,2,3,-3.6667288700132694,4.134261413144069,-4.216167333637678,-8.834390499284444
volratio_2026_BTC_n30_r0.75_e15_x30_c1500,2026,component,True,2,4,0.8484413921144629,4.327618236871955,0.6024456388318521,2.501616433482476
volratio_2026_BTC_n30_r0.75_e15_x30_c1500,2026,component,True,2,5,-2.6791869746019326,6.921658177789547,-1.3592935294269044,-4.065121716434996
volratio_2026_BTC_n30_r0.75_e15_x30_c1500,2026,component,True,2,6,21.58256034108441,6.886710214902802,5.178886649343909,142.00612019941696
volratio_2026_BTC_n30_r0.75_e15_x30_c1500,2026,component,True,3,1,3.9772864280799958,4.318492628985782,2.0834395150728917,14.061739021303005
volratio_2026_BTC_n30_r0.75_e15_x30_c1500,2026,component,True,3,2,4.094327046075241,6.235820532574799,1.733848931997764,10.093391530232532
volratio_2026_BTC_n30_r0.75_e15_x30_c1500,2026,component,True,3,3,-3.792444894939362,4.259309399091293,-4.352808564626699,-8.809931191769092
volratio_2026_BTC_n30_r0.75_e15_x30_c1500,2026,component,True,3,4,0.7165508870364601,4.326854455682472,0.5222845168954209,2.0974665034343083
volratio_2026_BTC_n30_r0.75_e15_x30_c1500,2026,component,True,3,5,-2.678714918501024,6.920478231038429,-1.3593094271813366,-4.065201995342369
volratio_2026_BTC_n30_r0.75_e15_x30_c1500,2026,component,True,3,6,21.419092169371545,6.885752735989136,5.1402851077061875,139.48416116582544
volratio_2026_BTC_n30_r1_e15_x30_c1500,2026,component,True,1,1,4.251100067479996,4.319618638202982,2.2343663164464407,15.267900114736342
volratio_2026_BTC_n30_r1_e15_x30_c1500,2026,component,True,1,2,4.095375604896678,6.23726846291881,1.7338914996876902,10.094250250375593
volratio_2026_BTC_n30_r1_e15_x30_c1500,2026,component,True,1,3,-3.5409103798156427,4.009110102104774,-4.071185394576784,-8.85673256073926
volratio_2026_BTC_n30_r1_e15_x30_c1500,2026,component,True,1,4,0.9806432794805975,4.328300957972154,0.6834253430516973,2.9126041445708006
volratio_2026_BTC_n30_r1_e15_x30_c1500,2026,component,True,1,5,-2.6796089311572624,6.9227128847813795,-1.3592793188855166,-4.065049959357931
volratio_2026_BTC_n30_r1_e15_x30_c1500,2026,component,True,1,6,21.74574437180643,6.887566015869517,5.21712523302529,144.56343227335543
volratio_2026_BTC_n30_r1_e15_x30_c1500,2026,component,True,2,1,4.114035386999992,4.319063039957227,2.1588247296385257,14.659733775301786
volratio_2026_BTC_n30_r1_e15_x30_c1500,2026,component,True,2,2,4.094858223632292,6.236554031885189,1.733870496003159,10.093826530378006
volratio_2026_BTC_n30_r1_e15_x30_c1500,2026,component,True,2,3,-3.6667288700132694,4.134261413144069,-4.216167333637678,-8.834390499284444
volratio_2026_BTC_n30_r1_e15_x30_c1500,2026,component,True,2,4,0.8484413921144629,4.327618236871955,0.6024456388318521,2.501616433482476
volratio_2026_BTC_n30_r1_e15_x30_c1500,2026,component,True,2,5,-2.6791869746019326,6.921658177789547,-1.3592935294269044,-4.065121716434996
volratio_2026_BTC_n30_r1_e15_x30_c1500,2026,component,True,2,6,21.58256034108441,6.886710214902802,5.178886649343909,142.00612019941696
volratio_2026_BTC_n30_r1_e15_x30_c1500,2026,component,True,3,1,3.9772864280799958,4.318492628985782,2.0834395150728917,14.061739021303005
volratio_2026_BTC_n30_r1_e15_x30_c1500,2026,component,True,3,2,4.094327046075241,6.235820532574799,1.733848931997764,10.093391530232532
volratio_2026_BTC_n30_r1_e15_x30_c1500,2026,component,True,3,3,-3.792444894939362,4.259309399091293,-4.352808564626699,-8.809931191769092
volratio_2026_BTC_n30_r1_e15_x30_c1500,2026,component,True,3,4,0.7165508870364601,4.326854455682472,0.5222845168954209,2.0974665034343083
volratio_2026_BTC_n30_r1_e15_x30_c1500,2026,component,True,3,5,-2.678714918501024,6.920478231038429,-1.3593094271813366,-4.065201995342369
volratio_2026_BTC_n30_r1_e15_x30_c1500,2026,component,True,3,6,21.419092169371545,6.885752735989136,5.1402851077061875,139.48416116582544
volratio_2026_BTC_n30_r1.25_e15_x30_c1500,2026,component,True,1,1,0.7390115166933109,3.360699501052311,2.632391900964994,2.7886313365823856
volratio_2026_BTC_n30_r1.25_e15_x30_c1500,2026,component,True,1,2,4.095660517094024,6.237661879549061,1.7339030659240193,10.094483592700406
volratio_2026_BTC_n30_r1.25_e15_x30_c1500,2026,component,True,1,3,-3.5411342477928542,4.009364022232498,-4.071169428079605,-8.856625848811952
volratio_2026_BTC_n30_r1.25_e15_x30_c1500,2026,component,True,1,4,0.0,0.0,,
volratio_2026_BTC_n30_r1.25_e15_x30_c1500,2026,component,True,1,5,-3.423912312636712,6.92090993567267,-1.923424088574953,-4.992032903908855
volratio_2026_BTC_n30_r1.25_e15_x30_c1500,2026,component,True,1,6,21.739761365149878,6.886103053768977,5.217037705256449,144.4990336125002
volratio_2026_BTC_n30_r1.25_e15_x30_c1500,2026,component,True,2,1,0.6068910954399875,3.360102346665217,2.026643677030406,2.2735198596125286
volratio_2026_BTC_n30_r1.25_e15_x30_c1500,2026,component,True,2,2,4.094924209606887,6.236645150207954,1.733873174792371,10.093880569950063
volratio_2026_BTC_n30_r1.25_e15_x30_c1500,2026,component,True,2,3,-3.6667601060391686,4.134299700051713,-4.216138681570146,-8.834369256142102
volratio_2026_BTC_n30_r1.25_e15_x30_c1500,2026,component,True,2,4,0.0,0.0,,
volratio_2026_BTC_n30_r1.25_e15_x30_c1500,2026,component,True,2,5,-3.550274135589704,6.921247478979808,-2.016393225426807,-5.1412328984021185
volratio_2026_BTC_n30_r1.25_e15_x30_c1500,2026,component,True,2,6,21.581263623477078,6.886376956313933,5.178880076191057,141.99268150302066
volratio_2026_BTC_n30_r1.25_e15_x30_c1500,2026,component,True,3,1,0.47509964917333836,3.359492747484638,1.4821313685645165,1.7669951916720146
volratio_2026_BTC_n30_r1.25_e15_x30_c1500,2026,component,True,3,2,4.094172560528375,6.235607201248072,1.7338426603625618,10.093265020076615
volratio_2026_BTC_n30_r1.25_e15_x30_c1500,2026,component,True,3,3,-3.79226918332789,4.259117699534675,-4.352768705067706,-8.81000176360537
volratio_2026_BTC_n30_r1.25_e15_x30_c1500,2026,component,True,3,4,0.0,0.0,,
volratio_2026_BTC_n30_r1.25_e15_x30_c1500,2026,component,True,3,5,-3.676330983280496,6.921471119586153,-2.1096807027670694,-5.287982218730351
volratio_2026_BTC_n30_r1.25_e15_x30_c1500,2026,component,True,3,6,21.422466487461488,6.886558428776556,5.140364976054243,139.51991699434734
channel_2025_ETH_e15_x30,2025,component,False,1,1,-12.363571102399995,14.00623667726938,-6.695438064530998,-5.70636024635674
channel_2025_ETH_e15_x30,2025,component,False,1,2,43.6910926947282,9.222586204900661,5.294092968237766,881.5245711565572
channel_2025_ETH_e15_x30,2025,component,False,1,3,0.48703147496922394,14.890703774537972,0.384021388406097,0.4089376922918964
channel_2025_ETH_e15_x30,2025,component,False,1,4,14.745474905512745,13.883460258238644,4.232744922425738,31.193099506006757
channel_2025_ETH_e15_x30,2025,component,False,1,5,44.99136721187287,14.722085818080465,7.052860720768265,616.9807447502909
channel_2025_ETH_e15_x30,2025,component,False,1,6,2.5692933082025693,14.549962324183863,0.7622884094040614,2.485123009648676
channel_2025_ETH_e15_x30,2025,component,False,2,1,-12.588775536000007,14.001267853642918,-6.825951891820524,-5.752576810295311
channel_2025_ETH_e15_x30,2025,component,False,2,2,43.495870322304576,9.22173459602751,5.276593199509975,866.9652231710528
channel_2025_ETH_e15_x30,2025,component,False,2,3,0.48698294537581344,14.889397294787132,0.38399361732653137,0.4089317087584783
channel_2025_ETH_e15_x30,2025,component,False,2,4,14.446705165068874,14.10823685097009,4.153806209682125,29.516402024409842
channel_2025_ETH_e15_x30,2025,component,False,2,5,44.993279629796,14.722583600764805,7.0528729948842415,617.0599892502776
channel_2025_ETH_e15_x30,2025,component,False,2,6,2.4348702389206833,14.550353543990713,0.7416190302608746,2.336932771916943
channel_2025_ETH_e15_x30,2025,component,False,3,1,-12.818521699200003,14.002062777860946,-6.951127681751527,-5.79603923446345
channel_2025_ETH_e15_x30,2025,component,False,3,2,43.302897330720725,9.221127113647276,5.258989980187018,852.7662885742114
channel_2025_ETH_e15_x30,2025,component,False,3,3,0.48694832795359577,14.888465329759992,0.38397380742324916,0.4089274405668148
channel_2025_ETH_e15_x30,2025,component,False,3,4,14.14899395296949,14.33233229285199,4.074177390074123,27.930921558099325
channel_2025_ETH_e15_x30,2025,component,False,3,5,44.99518276544907,14.723078958777414,7.052885209137886,617.1388588006397
channel_2025_ETH_e15_x30,2025,component,False,3,6,2.300502765003709,14.550742852809861,0.720949525455221,2.19096539848809
channel_2026_ETH_e15_x30,2026,component,False,1,1,4.4873607967999884,6.401653653374495,1.5971745984383627,11.026153586079891
channel_2026_ETH_e15_x30,2026,component,False,1,2,-5.414158575410443,10.342324620299015,-1.7851973223243203,-4.756914746712565
channel_2026_ETH_e15_x30,2026,component,False,1,3,0.0,0.0,,
channel_2026_ETH_e15_x30,2026,component,False,1,4,8.971954386991321,6.124562154234692,3.942646272310628,30.11537608109588
channel_2026_ETH_e15_x30,2026,component,False,1,5,-1.9384561043842785,7.754958103366705,-0.5960008327845783,-2.7327610599769296
channel_2026_ETH_e15_x30,2026,component,False,1,6,31.423518223960766,7.766495501773418,4.7921327493009525,344.91634195464167
channel_2026_ETH_e15_x30,2026,component,False,2,1,4.350424616400006,6.401405332224264,1.550994379371842,10.604770415822058
channel_2026_ETH_e15_x30,2026,component,False,2,2,-5.53747895942136,10.341945923953377,-1.8309565517219222,-4.834446659874811
channel_2026_ETH_e15_x30,2026,component,False,2,3,0.0,0.0,,
channel_2026_ETH_e15_x30,2026,component,False,2,4,8.829175890305763,6.124557466911618,3.889695934103292,29.38043458310863
channel_2026_ETH_e15_x30,2026,component,False,2,5,-1.93845469256273,7.754952619175803,-0.596000946505377,-2.732761212458462
channel_2026_ETH_e15_x30,2026,component,False,2,6,31.251109603515538,7.766491259296471,4.766994484507796,339.24748342552147
channel_2026_ETH_e15_x30,2026,component,False,3,1,4.215679721400001,6.403934325476158,1.5050708386514167,10.19167297656904
channel_2026_ETH_e15_x30,2026,component,False,3,2,-5.66316448904578,10.345802628784694,-1.8763156242130943,-4.9103050184423855
channel_2026_ETH_e15_x30,2026,component,False,3,3,0.0,0.0,,
channel_2026_ETH_e15_x30,2026,component,False,3,4,8.686624375876107,6.124498812220647,3.8356241125830044,28.657576313276667
channel_2026_ETH_e15_x30,2026,component,False,3,5,-1.9384370257631733,7.754883992846883,-0.5960023695483242,-2.7327631205341136
channel_2026_ETH_e15_x30,2026,component,False,3,6,31.078517309196684,7.766438171018397,4.741747299804997,333.65735754766314
volratio_channel_2025_n10_r0.75_btc0.75,2025,combination,True,1,1,-11.049707795569997,12.652224319441052,-5.419818218701107,-6.002117665313537
volratio_channel_2025_n10_r0.75_btc0.75,2025,combination,True,1,2,24.335699819372756,5.57641390082082,6.2469369505277905,235.90793083783493
volratio_channel_2025_n10_r0.75_btc0.75,2025,combination,True,1,3,1.5985022122346537,10.641431739386597,0.685054016796183,1.9998978763963675
volratio_channel_2025_n10_r0.75_btc0.75,2025,combination,True,1,4,6.309788356370061,10.307519946318532,2.9626246876792224,10.722953433775315
volratio_channel_2025_n10_r0.75_btc0.75,2025,combination,True,1,5,13.998865007233508,9.34251849077562,4.549139046839909,41.99808887401392
volratio_channel_2025_n10_r0.75_btc0.75,2025,combination,True,1,6,-1.1962251893244513,8.378286740813968,-0.26222960175563825,-1.625674143106841
volratio_channel_2025_n10_r0.75_btc0.75,2025,combination,True,2,1,-11.282778763849999,12.681005309491711,-5.545201130411243,-6.048103679026013
volratio_channel_2025_n10_r0.75_btc0.75,2025,combination,True,2,2,24.171795551427742,5.576248697497865,6.227470848267671,231.8733878838983
volratio_channel_2025_n10_r0.75_btc0.75,2025,combination,True,2,3,1.5985057700076855,10.641210654180655,0.6850634037346867,1.9999442827871234
volratio_channel_2025_n10_r0.75_btc0.75,2025,combination,True,2,4,6.0294849048846855,10.541201070357676,2.839078846711298,9.853906064967857
volratio_channel_2025_n10_r0.75_btc0.75,2025,combination,True,2,5,13.999859393995063,9.340781380523556,4.550133841719001,42.01149368937207
volratio_channel_2025_n10_r0.75_btc0.75,2025,combination,True,2,6,-1.478355665673592,8.376915473179903,-0.3671337301908829,-1.978524750040237
volratio_channel_2025_n10_r0.75_btc0.75,2025,combination,True,3,1,-11.51655526162001,12.711019568423731,-5.668089641716216,-6.091743213272551
volratio_channel_2025_n10_r0.75_btc0.75,2025,combination,True,3,2,24.00820700410149,5.576073832057404,6.2075049335121175,227.90575182057296
volratio_channel_2025_n10_r0.75_btc0.75,2025,combination,True,3,3,1.5985069016464903,10.640972663075477,0.685072568703314,1.999990557188302
volratio_channel_2025_n10_r0.75_btc0.75,2025,combination,True,3,4,5.753541621083147,10.774866798605466,2.7153669598678363,9.049726322236824
volratio_channel_2025_n10_r0.75_btc0.75,2025,combination,True,3,5,14.000208762159438,9.341401692321172,4.549969632891216,42.010669473859835
volratio_channel_2025_n10_r0.75_btc0.75,2025,combination,True,3,6,-1.7612666891274387,8.377422821342584,-0.47340439040443383,-2.3208020801478146
volratio_channel_2025_n10_r1_btc0.75,2025,combination,True,1,1,-11.049707795569997,12.652224319441052,-5.419818218701107,-6.002117665313537
volratio_channel_2025_n10_r1_btc0.75,2025,combination,True,1,2,24.335699819372756,5.57641390082082,6.2469369505277905,235.90793083783493
volratio_channel_2025_n10_r1_btc0.75,2025,combination,True,1,3,1.5985022122346537,10.641431739386597,0.685054016796183,1.9998978763963675
volratio_channel_2025_n10_r1_btc0.75,2025,combination,True,1,4,6.309788356370061,10.307519946318532,2.9626246876792224,10.722953433775315
volratio_channel_2025_n10_r1_btc0.75,2025,combination,True,1,5,13.998865007233508,9.34251849077562,4.549139046839909,41.99808887401392
volratio_channel_2025_n10_r1_btc0.75,2025,combination,True,1,6,-1.1962251893244513,8.378286740813968,-0.26222960175563825,-1.625674143106841
volratio_channel_2025_n10_r1_btc0.75,2025,combination,True,2,1,-11.282778763849999,12.681005309491711,-5.545201130411243,-6.048103679026013
volratio_channel_2025_n10_r1_btc0.75,2025,combination,True,2,2,24.171795551427742,5.576248697497865,6.227470848267671,231.8733878838983
volratio_channel_2025_n10_r1_btc0.75,2025,combination,True,2,3,1.5985057700076855,10.641210654180655,0.6850634037346867,1.9999442827871234
volratio_channel_2025_n10_r1_btc0.75,2025,combination,True,2,4,6.0294849048846855,10.541201070357676,2.839078846711298,9.853906064967857
volratio_channel_2025_n10_r1_btc0.75,2025,combination,True,2,5,13.999859393995063,9.340781380523556,4.550133841719001,42.01149368937207
volratio_channel_2025_n10_r1_btc0.75,2025,combination,True,2,6,-1.478355665673592,8.376915473179903,-0.3671337301908829,-1.978524750040237
volratio_channel_2025_n10_r1_btc0.75,2025,combination,True,3,1,-11.51655526162001,12.711019568423731,-5.668089641716216,-6.091743213272551
volratio_channel_2025_n10_r1_btc0.75,2025,combination,True,3,2,24.00820700410149,5.576073832057404,6.2075049335121175,227.90575182057296
volratio_channel_2025_n10_r1_btc0.75,2025,combination,True,3,3,1.5985069016464903,10.640972663075477,0.685072568703314,1.999990557188302
volratio_channel_2025_n10_r1_btc0.75,2025,combination,True,3,4,5.753541621083147,10.774866798605466,2.7153669598678363,9.049726322236824
volratio_channel_2025_n10_r1_btc0.75,2025,combination,True,3,5,14.000208762159438,9.341401692321172,4.549969632891216,42.010669473859835
volratio_channel_2025_n10_r1_btc0.75,2025,combination,True,3,6,-1.7612666891274387,8.377422821342584,-0.47340439040443383,-2.3208020801478146
volratio_channel_2025_n10_r1.25_btc0.75,2025,combination,True,1,1,-11.049707795569997,12.652224319441052,-5.419818218701107,-6.002117665313537
volratio_channel_2025_n10_r1.25_btc0.75,2025,combination,True,1,2,24.335699819372756,5.57641390082082,6.2469369505277905,235.90793083783493
volratio_channel_2025_n10_r1.25_btc0.75,2025,combination,True,1,3,1.5985022122346537,10.641431739386597,0.685054016796183,1.9998978763963675
volratio_channel_2025_n10_r1.25_btc0.75,2025,combination,True,1,4,6.309788356370061,10.307519946318532,2.9626246876792224,10.722953433775315
volratio_channel_2025_n10_r1.25_btc0.75,2025,combination,True,1,5,13.998865007233508,9.34251849077562,4.549139046839909,41.99808887401392
volratio_channel_2025_n10_r1.25_btc0.75,2025,combination,True,1,6,-1.1962251893244513,8.378286740813968,-0.26222960175563825,-1.625674143106841
volratio_channel_2025_n10_r1.25_btc0.75,2025,combination,True,2,1,-11.282778763849999,12.681005309491711,-5.545201130411243,-6.048103679026013
volratio_channel_2025_n10_r1.25_btc0.75,2025,combination,True,2,2,24.171795551427742,5.576248697497865,6.227470848267671,231.8733878838983
volratio_channel_2025_n10_r1.25_btc0.75,2025,combination,True,2,3,1.5985057700076855,10.641210654180655,0.6850634037346867,1.9999442827871234
volratio_channel_2025_n10_r1.25_btc0.75,2025,combination,True,2,4,6.0294849048846855,10.541201070357676,2.839078846711298,9.853906064967857
volratio_channel_2025_n10_r1.25_btc0.75,2025,combination,True,2,5,13.999859393995063,9.340781380523556,4.550133841719001,42.01149368937207
volratio_channel_2025_n10_r1.25_btc0.75,2025,combination,True,2,6,-1.478355665673592,8.376915473179903,-0.3671337301908829,-1.978524750040237
volratio_channel_2025_n10_r1.25_btc0.75,2025,combination,True,3,1,-11.51655526162001,12.711019568423731,-5.668089641716216,-6.091743213272551
volratio_channel_2025_n10_r1.25_btc0.75,2025,combination,True,3,2,24.00820700410149,5.576073832057404,6.2075049335121175,227.90575182057296
volratio_channel_2025_n10_r1.25_btc0.75,2025,combination,True,3,3,1.5985069016464903,10.640972663075477,0.685072568703314,1.999990557188302
volratio_channel_2025_n10_r1.25_btc0.75,2025,combination,True,3,4,5.753541621083147,10.774866798605466,2.7153669598678363,9.049726322236824
volratio_channel_2025_n10_r1.25_btc0.75,2025,combination,True,3,5,14.000208762159438,9.341401692321172,4.549969632891216,42.010669473859835
volratio_channel_2025_n10_r1.25_btc0.75,2025,combination,True,3,6,-1.7612666891274387,8.377422821342584,-0.47340439040443383,-2.3208020801478146
volratio_channel_2025_n20_r0.75_btc0.75,2025,combination,True,1,1,-11.049707795569997,12.652224319441052,-5.419818218701107,-6.002117665313537
volratio_channel_2025_n20_r0.75_btc0.75,2025,combination,True,1,2,24.335699819372756,5.57641390082082,6.2469369505277905,235.90793083783493
volratio_channel_2025_n20_r0.75_btc0.75,2025,combination,True,1,3,1.5985022122346537,10.641431739386597,0.685054016796183,1.9998978763963675
volratio_channel_2025_n20_r0.75_btc0.75,2025,combination,True,1,4,6.309788356370061,10.307519946318532,2.9626246876792224,10.722953433775315
volratio_channel_2025_n20_r0.75_btc0.75,2025,combination,True,1,5,13.998865007233508,9.34251849077562,4.549139046839909,41.99808887401392
volratio_channel_2025_n20_r0.75_btc0.75,2025,combination,True,1,6,-1.1962251893244513,8.378286740813968,-0.26222960175563825,-1.625674143106841
volratio_channel_2025_n20_r0.75_btc0.75,2025,combination,True,2,1,-11.282778763849999,12.681005309491711,-5.545201130411243,-6.048103679026013
volratio_channel_2025_n20_r0.75_btc0.75,2025,combination,True,2,2,24.171795551427742,5.576248697497865,6.227470848267671,231.8733878838983
volratio_channel_2025_n20_r0.75_btc0.75,2025,combination,True,2,3,1.5985057700076855,10.641210654180655,0.6850634037346867,1.9999442827871234
volratio_channel_2025_n20_r0.75_btc0.75,2025,combination,True,2,4,6.0294849048846855,10.541201070357676,2.839078846711298,9.853906064967857
volratio_channel_2025_n20_r0.75_btc0.75,2025,combination,True,2,5,13.999859393995063,9.340781380523556,4.550133841719001,42.01149368937207
volratio_channel_2025_n20_r0.75_btc0.75,2025,combination,True,2,6,-1.478355665673592,8.376915473179903,-0.3671337301908829,-1.978524750040237
volratio_channel_2025_n20_r0.75_btc0.75,2025,combination,True,3,1,-11.51655526162001,12.711019568423731,-5.668089641716216,-6.091743213272551
volratio_channel_2025_n20_r0.75_btc0.75,2025,combination,True,3,2,24.00820700410149,5.576073832057404,6.2075049335121175,227.90575182057296
volratio_channel_2025_n20_r0.75_btc0.75,2025,combination,True,3,3,1.5985069016464903,10.640972663075477,0.685072568703314,1.999990557188302
volratio_channel_2025_n20_r0.75_btc0.75,2025,combination,True,3,4,5.753541621083147,10.774866798605466,2.7153669598678363,9.049726322236824
volratio_channel_2025_n20_r0.75_btc0.75,2025,combination,True,3,5,14.000208762159438,9.341401692321172,4.549969632891216,42.010669473859835
volratio_channel_2025_n20_r0.75_btc0.75,2025,combination,True,3,6,-1.7612666891274387,8.377422821342584,-0.47340439040443383,-2.3208020801478146
volratio_channel_2025_n20_r1_btc0.75,2025,combination,True,1,1,-11.049707795569997,12.652224319441052,-5.419818218701107,-6.002117665313537
volratio_channel_2025_n20_r1_btc0.75,2025,combination,True,1,2,24.335699819372756,5.57641390082082,6.2469369505277905,235.90793083783493
volratio_channel_2025_n20_r1_btc0.75,2025,combination,True,1,3,1.5985022122346537,10.641431739386597,0.685054016796183,1.9998978763963675
volratio_channel_2025_n20_r1_btc0.75,2025,combination,True,1,4,6.309788356370061,10.307519946318532,2.9626246876792224,10.722953433775315
volratio_channel_2025_n20_r1_btc0.75,2025,combination,True,1,5,13.998865007233508,9.34251849077562,4.549139046839909,41.99808887401392
volratio_channel_2025_n20_r1_btc0.75,2025,combination,True,1,6,-1.1962251893244513,8.378286740813968,-0.26222960175563825,-1.625674143106841
volratio_channel_2025_n20_r1_btc0.75,2025,combination,True,2,1,-11.282778763849999,12.681005309491711,-5.545201130411243,-6.048103679026013
volratio_channel_2025_n20_r1_btc0.75,2025,combination,True,2,2,24.171795551427742,5.576248697497865,6.227470848267671,231.8733878838983
volratio_channel_2025_n20_r1_btc0.75,2025,combination,True,2,3,1.5985057700076855,10.641210654180655,0.6850634037346867,1.9999442827871234
volratio_channel_2025_n20_r1_btc0.75,2025,combination,True,2,4,6.0294849048846855,10.541201070357676,2.839078846711298,9.853906064967857
volratio_channel_2025_n20_r1_btc0.75,2025,combination,True,2,5,13.999859393995063,9.340781380523556,4.550133841719001,42.01149368937207
volratio_channel_2025_n20_r1_btc0.75,2025,combination,True,2,6,-1.478355665673592,8.376915473179903,-0.3671337301908829,-1.978524750040237
volratio_channel_2025_n20_r1_btc0.75,2025,combination,True,3,1,-11.51655526162001,12.711019568423731,-5.668089641716216,-6.091743213272551
volratio_channel_2025_n20_r1_btc0.75,2025,combination,True,3,2,24.00820700410149,5.576073832057404,6.2075049335121175,227.90575182057296
volratio_channel_2025_n20_r1_btc0.75,2025,combination,True,3,3,1.5985069016464903,10.640972663075477,0.685072568703314,1.999990557188302
volratio_channel_2025_n20_r1_btc0.75,2025,combination,True,3,4,5.753541621083147,10.774866798605466,2.7153669598678363,9.049726322236824
volratio_channel_2025_n20_r1_btc0.75,2025,combination,True,3,5,14.000208762159438,9.341401692321172,4.549969632891216,42.010669473859835
volratio_channel_2025_n20_r1_btc0.75,2025,combination,True,3,6,-1.7612666891274387,8.377422821342584,-0.47340439040443383,-2.3208020801478146
volratio_channel_2025_n20_r1.25_btc0.75,2025,combination,True,1,1,-3.090892775600007,3.5173364229103665,-6.7075285951869565,-9.026721858554861
volratio_channel_2025_n20_r1.25_btc0.75,2025,combination,True,1,2,17.852490585429727,5.5462893058854545,5.122331092937767,115.00080409622798
volratio_channel_2025_n20_r1.25_btc0.75,2025,combination,True,1,3,1.6126572255253935,10.621504162733931,0.6907388523706915,2.023020543556815
volratio_channel_2025_n20_r1.25_btc0.75,2025,combination,True,1,4,6.202419759923528,10.262534571244474,2.9292124324275695,10.519299112889383
volratio_channel_2025_n20_r1.25_btc0.75,2025,combination,True,1,5,13.582207962799298,9.2575943379247,4.4702901719847645,40.06597071003504
volratio_channel_2025_n20_r1.25_btc0.75,2025,combination,True,1,6,-2.115015500582784,8.299409867382245,-0.6311083055736256,-2.7594201772328604
volratio_channel_2025_n20_r1.25_btc0.75,2025,combination,True,2,1,-3.147193883999999,3.5126336899107047,-6.835721717934587,-9.175701191886878
volratio_channel_2025_n20_r1.25_btc0.75,2025,combination,True,2,2,17.68198890428525,5.544473774570491,5.080783987671504,112.71491579690694
volratio_channel_2025_n20_r1.25_btc0.75,2025,combination,True,2,3,1.6135382499056217,10.620345686770172,0.6910906891754507,2.024447989800219
volratio_channel_2025_n20_r1.25_btc0.75,2025,combination,True,2,4,5.918184635507151,10.49434817281102,2.803505173731538,9.651239189087345
volratio_channel_2025_n20_r1.25_btc0.75,2025,combination,True,2,5,13.558618913021814,9.25236100795126,4.46592532991762,39.96017588267214
volratio_channel_2025_n20_r1.25_btc0.75,2025,combination,True,2,6,-2.2473206709087146,8.294591952708085,-0.6867325982512354,-2.912730853214068
volratio_channel_2025_n20_r1.25_btc0.75,2025,combination,True,3,1,-3.2046304248000035,3.5093892443432306,-6.958718360899317,-9.323054836395574
volratio_channel_2025_n20_r1.25_btc0.75,2025,combination,True,3,2,17.511925906260473,5.542684943647358,5.038635818825455,110.47013616709677
volratio_channel_2025_n20_r1.25_btc0.75,2025,combination,True,3,3,1.6144330460174938,10.619244630673919,0.6914452925472624,2.0258837785191703
volratio_channel_2025_n20_r1.25_btc0.75,2025,combination,True,3,4,5.638228593371863,10.72631097815433,2.6775633320463905,8.847891510989989
volratio_channel_2025_n20_r1.25_btc0.75,2025,combination,True,3,5,13.534421189823354,9.249525812710612,4.460382490787696,39.840921961936026
volratio_channel_2025_n20_r1.25_btc0.75,2025,combination,True,3,6,-2.3816829309894483,8.291688511626072,-0.7437088989231697,-3.0655417361206503
volratio_channel_2025_n30_r0.75_btc0.75,2025,combination,True,1,1,-11.049707795569997,12.652224319441052,-5.419818218701107,-6.002117665313537
volratio_channel_2025_n30_r0.75_btc0.75,2025,combination,True,1,2,24.335699819372756,5.57641390082082,6.2469369505277905,235.90793083783493
volratio_channel_2025_n30_r0.75_btc0.75,2025,combination,True,1,3,1.5985022122346537,10.641431739386597,0.685054016796183,1.9998978763963675
volratio_channel_2025_n30_r0.75_btc0.75,2025,combination,True,1,4,6.309788356370061,10.307519946318532,2.9626246876792224,10.722953433775315
volratio_channel_2025_n30_r0.75_btc0.75,2025,combination,True,1,5,13.998865007233508,9.34251849077562,4.549139046839909,41.99808887401392
volratio_channel_2025_n30_r0.75_btc0.75,2025,combination,True,1,6,-1.1962251893244513,8.378286740813968,-0.26222960175563825,-1.625674143106841
volratio_channel_2025_n30_r0.75_btc0.75,2025,combination,True,2,1,-11.282778763849999,12.681005309491711,-5.545201130411243,-6.048103679026013
volratio_channel_2025_n30_r0.75_btc0.75,2025,combination,True,2,2,24.171795551427742,5.576248697497865,6.227470848267671,231.8733878838983
volratio_channel_2025_n30_r0.75_btc0.75,2025,combination,True,2,3,1.5985057700076855,10.641210654180655,0.6850634037346867,1.9999442827871234
volratio_channel_2025_n30_r0.75_btc0.75,2025,combination,True,2,4,6.0294849048846855,10.541201070357676,2.839078846711298,9.853906064967857
volratio_channel_2025_n30_r0.75_btc0.75,2025,combination,True,2,5,13.999859393995063,9.340781380523556,4.550133841719001,42.01149368937207
volratio_channel_2025_n30_r0.75_btc0.75,2025,combination,True,2,6,-1.478355665673592,8.376915473179903,-0.3671337301908829,-1.978524750040237
volratio_channel_2025_n30_r0.75_btc0.75,2025,combination,True,3,1,-11.51655526162001,12.711019568423731,-5.668089641716216,-6.091743213272551
volratio_channel_2025_n30_r0.75_btc0.75,2025,combination,True,3,2,24.00820700410149,5.576073832057404,6.2075049335121175,227.90575182057296
volratio_channel_2025_n30_r0.75_btc0.75,2025,combination,True,3,3,1.5985069016464903,10.640972663075477,0.685072568703314,1.999990557188302
volratio_channel_2025_n30_r0.75_btc0.75,2025,combination,True,3,4,5.753541621083147,10.774866798605466,2.7153669598678363,9.049726322236824
volratio_channel_2025_n30_r0.75_btc0.75,2025,combination,True,3,5,14.000208762159438,9.341401692321172,4.549969632891216,42.010669473859835
volratio_channel_2025_n30_r0.75_btc0.75,2025,combination,True,3,6,-1.7612666891274387,8.377422821342584,-0.47340439040443383,-2.3208020801478146
volratio_channel_2025_n30_r1_btc0.75,2025,combination,True,1,1,-3.090892775600007,3.5173364229103665,-6.7075285951869565,-9.026721858554861
volratio_channel_2025_n30_r1_btc0.75,2025,combination,True,1,2,23.820113206587145,5.501731838487078,6.251455569162515,226.42598291444523
volratio_channel_2025_n30_r1_btc0.75,2025,combination,True,1,3,1.6334962588929747,10.591900998976145,0.6991775089583622,2.057326758143509
volratio_channel_2025_n30_r1_btc0.75,2025,combination,True,1,4,6.0461268550896285,10.196719128183796,2.8792841357714316,10.225020936232463
volratio_channel_2025_n30_r1_btc0.75,2025,combination,True,1,5,12.966021294435826,9.13270550157197,4.348521009013129,37.311660584321444
volratio_channel_2025_n30_r1_btc0.75,2025,combination,True,1,6,-1.3559474875185384,8.184250056146336,-0.3542051464489888,-1.8699381860437763
volratio_channel_2025_n30_r1_btc0.75,2025,combination,True,2,1,-3.147193883999999,3.5126336899107047,-6.835721717934587,-9.175701191886878
volratio_channel_2025_n30_r1_btc0.75,2025,combination,True,2,2,23.646789981097438,5.50019025454419,6.233232562465159,222.35490119027224
volratio_channel_2025_n30_r1_btc0.75,2025,combination,True,2,3,1.6344581685660442,10.591240970315784,0.6995411661737401,2.058779187946435
volratio_channel_2025_n30_r1_btc0.75,2025,combination,True,2,4,5.763521454217835,10.429469312676288,2.7529337226562776,9.371185016178043
volratio_channel_2025_n30_r1_btc0.75,2025,combination,True,2,5,12.942877463285129,9.12849206678642,4.343632650956546,37.208666617141176
volratio_channel_2025_n30_r1_btc0.75,2025,combination,True,2,6,-1.6501646282270577,8.180355977206021,-0.4711628361026286,-2.2403499162789826
volratio_channel_2025_n30_r1_btc0.75,2025,combination,True,3,1,-3.2046304248000035,3.5093892443432306,-6.958718360899317,-9.323054836395574
volratio_channel_2025_n30_r1_btc0.75,2025,combination,True,3,2,23.46591592363687,5.497085599665629,6.214461855517198,218.23187655611542
volratio_channel_2025_n30_r1_btc0.75,2025,combination,True,3,3,1.6346568507347392,10.587286832436826,0.6997651155448347,2.059821737392409
volratio_channel_2025_n30_r1_btc0.75,2025,combination,True,3,4,5.484020882245844,10.659158065654783,2.6267103728556913,8.581511237951382
volratio_channel_2025_n30_r1_btc0.75,2025,combination,True,3,5,12.920018136826261,9.124564557484439,4.338698705256547,37.106163072969515
volratio_channel_2025_n30_r1_btc0.75,2025,combination,True,3,6,-1.9439309456771858,8.176700510923796,-0.589576453563379,-2.5983540261729874
volratio_channel_2025_n30_r1.25_btc0.75,2025,combination,True,1,1,-3.090892775600007,3.5173364229103665,-6.7075285951869565,-9.026721858554861
volratio_channel_2025_n30_r1.25_btc0.75,2025,combination,True,1,2,23.820113206587145,5.501731838487078,6.251455569162515,226.42598291444523
volratio_channel_2025_n30_r1.25_btc0.75,2025,combination,True,1,3,1.6334962588929747,10.591900998976145,0.6991775089583622,2.057326758143509
volratio_channel_2025_n30_r1.25_btc0.75,2025,combination,True,1,4,6.0461268550896285,10.196719128183796,2.8792841357714316,10.225020936232463
volratio_channel_2025_n30_r1.25_btc0.75,2025,combination,True,1,5,12.966021294435826,9.13270550157197,4.348521009013129,37.311660584321444
volratio_channel_2025_n30_r1.25_btc0.75,2025,combination,True,1,6,-2.2325261405819585,8.184250056146336,-0.7086816924773578,-2.9349231780333414
volratio_channel_2025_n30_r1.25_btc0.75,2025,combination,True,2,1,-3.147193883999999,3.5126336899107047,-6.835721717934587,-9.175701191886878
volratio_channel_2025_n30_r1.25_btc0.75,2025,combination,True,2,2,23.646789981097438,5.50019025454419,6.233232562465159,222.35490119027224
volratio_channel_2025_n30_r1.25_btc0.75,2025,combination,True,2,3,1.6344581685660442,10.591240970315784,0.6995411661737401,2.058779187946435
volratio_channel_2025_n30_r1.25_btc0.75,2025,combination,True,2,4,5.763521454217835,10.429469312676288,2.7529337226562776,9.371185016178043
volratio_channel_2025_n30_r1.25_btc0.75,2025,combination,True,2,5,12.942877463285129,9.12849206678642,4.343632650956546,37.208666617141176
volratio_channel_2025_n30_r1.25_btc0.75,2025,combination,True,2,6,-2.3653981044640116,8.180355977206021,-0.7669374669826624,-3.088741014692403
volratio_channel_2025_n30_r1.25_btc0.75,2025,combination,True,3,1,-3.2046304248000035,3.5093892443432306,-6.958718360899317,-9.323054836395574
volratio_channel_2025_n30_r1.25_btc0.75,2025,combination,True,3,2,23.46591592363687,5.497085599665629,6.214461855517198,218.23187655611542
volratio_channel_2025_n30_r1.25_btc0.75,2025,combination,True,3,3,1.6346568507347392,10.587286832436826,0.6997651155448347,2.059821737392409
volratio_channel_2025_n30_r1.25_btc0.75,2025,combination,True,3,4,5.484020882245844,10.659158065654783,2.6267103728556913,8.581511237951382
volratio_channel_2025_n30_r1.25_btc0.75,2025,combination,True,3,5,12.920018136826261,9.124564557484439,4.338698705256547,37.106163072969515
volratio_channel_2025_n30_r1.25_btc0.75,2025,combination,True,3,6,-2.498342827360389,8.176700510923796,-0.825864662923411,-3.2403925273408842
volratio_channel_2026_n10_r0.75_btc0.75,2026,combination,True,1,1,4.310165249810005,4.798568944202886,2.02786843182596,13.983142375147242
volratio_channel_2026_n10_r0.75_btc0.75,2026,combination,True,1,2,1.7139535102052461,6.742092322689297,0.8132235732398562,3.406842459789107
volratio_channel_2026_n10_r0.75_btc0.75,2026,combination,True,1,3,-2.716321134405808,3.078969175714852,-4.074315732442539,-9.246694003299686
volratio_channel_2026_n10_r0.75_btc0.75,2026,combination,True,1,4,2.89358079447124,4.525236616561723,1.718632002821741,9.168462054069577
volratio_channel_2026_n10_r0.75_btc0.75,2026,combination,True,1,5,-2.4917131738468545,6.6531484424807825,-1.1655127236233036,-3.973289945629477
volratio_channel_2026_n10_r0.75_btc0.75,2026,combination,True,1,6,24.21315751794484,6.210626486092563,5.2202848726561895,209.09961437577672
volratio_channel_2026_n10_r0.75_btc0.75,2026,combination,True,2,1,4.173132694349979,4.798093371137002,1.9616844174854056,13.431953511262753
volratio_channel_2026_n10_r0.75_btc0.75,2026,combination,True,2,2,1.6826756168916601,6.7699855877554675,0.8010876303065083,3.324964868904084
volratio_channel_2026_n10_r0.75_btc0.75,2026,combination,True,2,3,-2.813687940736165,3.1760380562081636,-4.2184563662341255,-9.236808953117237
volratio_channel_2026_n10_r0.75_btc0.75,2026,combination,True,2,4,2.758861286791814,4.61891580861582,1.6388760544117742,8.498086746675195
volratio_channel_2026_n10_r0.75_btc0.75,2026,combination,True,2,5,-2.491396612772734,6.652364062885052,-1.1654997221457144,-3.9733216270779743
volratio_channel_2026_n10_r0.75_btc0.75,2026,combination,True,2,6,24.047629667316308,6.210074239881824,5.184955292019513,205.4936485288159
volratio_channel_2026_n10_r0.75_btc0.75,2026,combination,True,3,1,4.036884751409997,4.7982917005706565,1.8956638840031936,12.889998328699685
volratio_channel_2026_n10_r0.75_btc0.75,2026,combination,True,3,2,1.6507619221813874,6.798715442842418,0.7886531194839472,3.2422255956687356
volratio_channel_2026_n10_r0.75_btc0.75,2026,combination,True,3,3,-2.9110395504058473,3.2730911210136715,-4.354363951290714,-9.224570121245135
volratio_channel_2026_n10_r0.75_btc0.75,2026,combination,True,3,4,2.6244213098609137,4.712347941505701,1.5594825035570026,7.862639717426117
volratio_channel_2026_n10_r0.75_btc0.75,2026,combination,True,3,5,-2.4910397956594665,6.651475419925445,-1.165488186866487,-3.973360025243934
volratio_channel_2026_n10_r0.75_btc0.75,2026,combination,True,3,6,23.881826109038972,6.209443534087167,5.149350144602497,201.93730148483402
volratio_channel_2026_n10_r1_btc0.75,2026,combination,True,1,1,4.310165249810005,4.798568944202886,2.02786843182596,13.983142375147242
volratio_channel_2026_n10_r1_btc0.75,2026,combination,True,1,2,1.7139535102052461,6.742092322689297,0.8132235732398562,3.406842459789107
volratio_channel_2026_n10_r1_btc0.75,2026,combination,True,1,3,-2.716321134405808,3.078969175714852,-4.074315732442539,-9.246694003299686
volratio_channel_2026_n10_r1_btc0.75,2026,combination,True,1,4,2.89358079447124,4.525236616561723,1.718632002821741,9.168462054069577
volratio_channel_2026_n10_r1_btc0.75,2026,combination,True,1,5,-2.4917131738468545,6.6531484424807825,-1.1655127236233036,-3.973289945629477
volratio_channel_2026_n10_r1_btc0.75,2026,combination,True,1,6,24.21315751794484,6.210626486092563,5.2202848726561895,209.09961437577672
volratio_channel_2026_n10_r1_btc0.75,2026,combination,True,2,1,4.173132694349979,4.798093371137002,1.9616844174854056,13.431953511262753
volratio_channel_2026_n10_r1_btc0.75,2026,combination,True,2,2,1.6826756168916601,6.7699855877554675,0.8010876303065083,3.324964868904084
volratio_channel_2026_n10_r1_btc0.75,2026,combination,True,2,3,-2.813687940736165,3.1760380562081636,-4.2184563662341255,-9.236808953117237
volratio_channel_2026_n10_r1_btc0.75,2026,combination,True,2,4,2.758861286791814,4.61891580861582,1.6388760544117742,8.498086746675195
volratio_channel_2026_n10_r1_btc0.75,2026,combination,True,2,5,-2.491396612772734,6.652364062885052,-1.1654997221457144,-3.9733216270779743
volratio_channel_2026_n10_r1_btc0.75,2026,combination,True,2,6,24.047629667316308,6.210074239881824,5.184955292019513,205.4936485288159
volratio_channel_2026_n10_r1_btc0.75,2026,combination,True,3,1,4.036884751409997,4.7982917005706565,1.8956638840031936,12.889998328699685
volratio_channel_2026_n10_r1_btc0.75,2026,combination,True,3,2,1.6507619221813874,6.798715442842418,0.7886531194839472,3.2422255956687356
volratio_channel_2026_n10_r1_btc0.75,2026,combination,True,3,3,-2.9110395504058473,3.2730911210136715,-4.354363951290714,-9.224570121245135
volratio_channel_2026_n10_r1_btc0.75,2026,combination,True,3,4,2.6244213098609137,4.712347941505701,1.5594825035570026,7.862639717426117
volratio_channel_2026_n10_r1_btc0.75,2026,combination,True,3,5,-2.4910397956594665,6.651475419925445,-1.165488186866487,-3.973360025243934
volratio_channel_2026_n10_r1_btc0.75,2026,combination,True,3,6,23.881826109038972,6.209443534087167,5.149350144602497,201.93730148483402
volratio_channel_2026_n10_r1.25_btc0.75,2026,combination,True,1,1,4.310165249810005,4.798568944202886,2.02786843182596,13.983142375147242
volratio_channel_2026_n10_r1.25_btc0.75,2026,combination,True,1,2,1.7139535102052461,6.742092322689297,0.8132235732398562,3.406842459789107
volratio_channel_2026_n10_r1.25_btc0.75,2026,combination,True,1,3,-2.716321134405808,3.078969175714852,-4.074315732442539,-9.246694003299686
volratio_channel_2026_n10_r1.25_btc0.75,2026,combination,True,1,4,2.89358079447124,4.525236616561723,1.718632002821741,9.168462054069577
volratio_channel_2026_n10_r1.25_btc0.75,2026,combination,True,1,5,-2.4917131738468545,6.6531484424807825,-1.1655127236233036,-3.973289945629477
volratio_channel_2026_n10_r1.25_btc0.75,2026,combination,True,1,6,24.21315751794484,6.210626486092563,5.2202848726561895,209.09961437577672
volratio_channel_2026_n10_r1.25_btc0.75,2026,combination,True,2,1,4.173132694349979,4.798093371137002,1.9616844174854056,13.431953511262753
volratio_channel_2026_n10_r1.25_btc0.75,2026,combination,True,2,2,1.6826756168916601,6.7699855877554675,0.8010876303065083,3.324964868904084
volratio_channel_2026_n10_r1.25_btc0.75,2026,combination,True,2,3,-2.813687940736165,3.1760380562081636,-4.2184563662341255,-9.236808953117237
volratio_channel_2026_n10_r1.25_btc0.75,2026,combination,True,2,4,2.758861286791814,4.61891580861582,1.6388760544117742,8.498086746675195
volratio_channel_2026_n10_r1.25_btc0.75,2026,combination,True,2,5,-2.491396612772734,6.652364062885052,-1.1654997221457144,-3.9733216270779743
volratio_channel_2026_n10_r1.25_btc0.75,2026,combination,True,2,6,24.047629667316308,6.210074239881824,5.184955292019513,205.4936485288159
volratio_channel_2026_n10_r1.25_btc0.75,2026,combination,True,3,1,4.036884751409997,4.7982917005706565,1.8956638840031936,12.889998328699685
volratio_channel_2026_n10_r1.25_btc0.75,2026,combination,True,3,2,1.6507619221813874,6.798715442842418,0.7886531194839472,3.2422255956687356
volratio_channel_2026_n10_r1.25_btc0.75,2026,combination,True,3,3,-2.9110395504058473,3.2730911210136715,-4.354363951290714,-9.224570121245135
volratio_channel_2026_n10_r1.25_btc0.75,2026,combination,True,3,4,2.6244213098609137,4.712347941505701,1.5594825035570026,7.862639717426117
volratio_channel_2026_n10_r1.25_btc0.75,2026,combination,True,3,5,-2.4910397956594665,6.651475419925445,-1.165488186866487,-3.973360025243934
volratio_channel_2026_n10_r1.25_btc0.75,2026,combination,True,3,6,23.881826109038972,6.209443534087167,5.149350144602497,201.93730148483402
volratio_channel_2026_n20_r0.75_btc0.75,2026,combination,True,1,1,4.310165249810005,4.798568944202886,2.02786843182596,13.983142375147242
volratio_channel_2026_n20_r0.75_btc0.75,2026,combination,True,1,2,1.7139535102052461,6.742092322689297,0.8132235732398562,3.406842459789107
volratio_channel_2026_n20_r0.75_btc0.75,2026,combination,True,1,3,-2.716321134405808,3.078969175714852,-4.074315732442539,-9.246694003299686
volratio_channel_2026_n20_r0.75_btc0.75,2026,combination,True,1,4,2.89358079447124,4.525236616561723,1.718632002821741,9.168462054069577
volratio_channel_2026_n20_r0.75_btc0.75,2026,combination,True,1,5,-2.4917131738468545,6.6531484424807825,-1.1655127236233036,-3.973289945629477
volratio_channel_2026_n20_r0.75_btc0.75,2026,combination,True,1,6,24.21315751794484,6.210626486092563,5.2202848726561895,209.09961437577672
volratio_channel_2026_n20_r0.75_btc0.75,2026,combination,True,2,1,4.173132694349979,4.798093371137002,1.9616844174854056,13.431953511262753
volratio_channel_2026_n20_r0.75_btc0.75,2026,combination,True,2,2,1.6826756168916601,6.7699855877554675,0.8010876303065083,3.324964868904084
volratio_channel_2026_n20_r0.75_btc0.75,2026,combination,True,2,3,-2.813687940736165,3.1760380562081636,-4.2184563662341255,-9.236808953117237
volratio_channel_2026_n20_r0.75_btc0.75,2026,combination,True,2,4,2.758861286791814,4.61891580861582,1.6388760544117742,8.498086746675195
volratio_channel_2026_n20_r0.75_btc0.75,2026,combination,True,2,5,-2.491396612772734,6.652364062885052,-1.1654997221457144,-3.9733216270779743
volratio_channel_2026_n20_r0.75_btc0.75,2026,combination,True,2,6,24.047629667316308,6.210074239881824,5.184955292019513,205.4936485288159
volratio_channel_2026_n20_r0.75_btc0.75,2026,combination,True,3,1,4.036884751409997,4.7982917005706565,1.8956638840031936,12.889998328699685
volratio_channel_2026_n20_r0.75_btc0.75,2026,combination,True,3,2,1.6507619221813874,6.798715442842418,0.7886531194839472,3.2422255956687356
volratio_channel_2026_n20_r0.75_btc0.75,2026,combination,True,3,3,-2.9110395504058473,3.2730911210136715,-4.354363951290714,-9.224570121245135
volratio_channel_2026_n20_r0.75_btc0.75,2026,combination,True,3,4,2.6244213098609137,4.712347941505701,1.5594825035570026,7.862639717426117
volratio_channel_2026_n20_r0.75_btc0.75,2026,combination,True,3,5,-2.4910397956594665,6.651475419925445,-1.165488186866487,-3.973360025243934
volratio_channel_2026_n20_r0.75_btc0.75,2026,combination,True,3,6,23.881826109038972,6.209443534087167,5.149350144602497,201.93730148483402
volratio_channel_2026_n20_r1_btc0.75,2026,combination,True,1,1,4.310165249810005,4.798568944202886,2.02786843182596,13.983142375147242
volratio_channel_2026_n20_r1_btc0.75,2026,combination,True,1,2,1.7139535102052461,6.742092322689297,0.8132235732398562,3.406842459789107
volratio_channel_2026_n20_r1_btc0.75,2026,combination,True,1,3,-2.716321134405808,3.078969175714852,-4.074315732442539,-9.246694003299686
volratio_channel_2026_n20_r1_btc0.75,2026,combination,True,1,4,2.89358079447124,4.525236616561723,1.718632002821741,9.168462054069577
volratio_channel_2026_n20_r1_btc0.75,2026,combination,True,1,5,-2.4917131738468545,6.6531484424807825,-1.1655127236233036,-3.973289945629477
volratio_channel_2026_n20_r1_btc0.75,2026,combination,True,1,6,24.21315751794484,6.210626486092563,5.2202848726561895,209.09961437577672
volratio_channel_2026_n20_r1_btc0.75,2026,combination,True,2,1,4.173132694349979,4.798093371137002,1.9616844174854056,13.431953511262753
volratio_channel_2026_n20_r1_btc0.75,2026,combination,True,2,2,1.6826756168916601,6.7699855877554675,0.8010876303065083,3.324964868904084
volratio_channel_2026_n20_r1_btc0.75,2026,combination,True,2,3,-2.813687940736165,3.1760380562081636,-4.2184563662341255,-9.236808953117237
volratio_channel_2026_n20_r1_btc0.75,2026,combination,True,2,4,2.758861286791814,4.61891580861582,1.6388760544117742,8.498086746675195
volratio_channel_2026_n20_r1_btc0.75,2026,combination,True,2,5,-2.491396612772734,6.652364062885052,-1.1654997221457144,-3.9733216270779743
volratio_channel_2026_n20_r1_btc0.75,2026,combination,True,2,6,24.047629667316308,6.210074239881824,5.184955292019513,205.4936485288159
volratio_channel_2026_n20_r1_btc0.75,2026,combination,True,3,1,4.036884751409997,4.7982917005706565,1.8956638840031936,12.889998328699685
volratio_channel_2026_n20_r1_btc0.75,2026,combination,True,3,2,1.6507619221813874,6.798715442842418,0.7886531194839472,3.2422255956687356
volratio_channel_2026_n20_r1_btc0.75,2026,combination,True,3,3,-2.9110395504058473,3.2730911210136715,-4.354363951290714,-9.224570121245135
volratio_channel_2026_n20_r1_btc0.75,2026,combination,True,3,4,2.6244213098609137,4.712347941505701,1.5594825035570026,7.862639717426117
volratio_channel_2026_n20_r1_btc0.75,2026,combination,True,3,5,-2.4910397956594665,6.651475419925445,-1.165488186866487,-3.973360025243934
volratio_channel_2026_n20_r1_btc0.75,2026,combination,True,3,6,23.881826109038972,6.209443534087167,5.149350144602497,201.93730148483402
volratio_channel_2026_n20_r1.25_btc0.75,2026,combination,True,1,1,4.310165249810005,4.798568944202886,2.02786843182596,13.983142375147242
volratio_channel_2026_n20_r1.25_btc0.75,2026,combination,True,1,2,1.7139535102052461,6.742092322689297,0.8132235732398562,3.406842459789107
volratio_channel_2026_n20_r1.25_btc0.75,2026,combination,True,1,3,-2.716321134405808,3.078969175714852,-4.074315732442539,-9.246694003299686
volratio_channel_2026_n20_r1.25_btc0.75,2026,combination,True,1,4,2.89358079447124,4.525236616561723,1.718632002821741,9.168462054069577
volratio_channel_2026_n20_r1.25_btc0.75,2026,combination,True,1,5,-2.4917131738468545,6.6531484424807825,-1.1655127236233036,-3.973289945629477
volratio_channel_2026_n20_r1.25_btc0.75,2026,combination,True,1,6,24.21315751794484,6.210626486092563,5.2202848726561895,209.09961437577672
volratio_channel_2026_n20_r1.25_btc0.75,2026,combination,True,2,1,4.173132694349979,4.798093371137002,1.9616844174854056,13.431953511262753
volratio_channel_2026_n20_r1.25_btc0.75,2026,combination,True,2,2,1.6826756168916601,6.7699855877554675,0.8010876303065083,3.324964868904084
volratio_channel_2026_n20_r1.25_btc0.75,2026,combination,True,2,3,-2.813687940736165,3.1760380562081636,-4.2184563662341255,-9.236808953117237
volratio_channel_2026_n20_r1.25_btc0.75,2026,combination,True,2,4,2.758861286791814,4.61891580861582,1.6388760544117742,8.498086746675195
volratio_channel_2026_n20_r1.25_btc0.75,2026,combination,True,2,5,-2.491396612772734,6.652364062885052,-1.1654997221457144,-3.9733216270779743
volratio_channel_2026_n20_r1.25_btc0.75,2026,combination,True,2,6,24.047629667316308,6.210074239881824,5.184955292019513,205.4936485288159
volratio_channel_2026_n20_r1.25_btc0.75,2026,combination,True,3,1,4.036884751409997,4.7982917005706565,1.8956638840031936,12.889998328699685
volratio_channel_2026_n20_r1.25_btc0.75,2026,combination,True,3,2,1.6507619221813874,6.798715442842418,0.7886531194839472,3.2422255956687356
volratio_channel_2026_n20_r1.25_btc0.75,2026,combination,True,3,3,-2.9110395504058473,3.2730911210136715,-4.354363951290714,-9.224570121245135
volratio_channel_2026_n20_r1.25_btc0.75,2026,combination,True,3,4,2.6244213098609137,4.712347941505701,1.5594825035570026,7.862639717426117
volratio_channel_2026_n20_r1.25_btc0.75,2026,combination,True,3,5,-2.4910397956594665,6.651475419925445,-1.165488186866487,-3.973360025243934
volratio_channel_2026_n20_r1.25_btc0.75,2026,combination,True,3,6,23.881826109038972,6.209443534087167,5.149350144602497,201.93730148483402
volratio_channel_2026_n30_r0.75_btc0.75,2026,combination,True,1,1,4.310165249810005,4.798568944202886,2.02786843182596,13.983142375147242
volratio_channel_2026_n30_r0.75_btc0.75,2026,combination,True,1,2,1.7139535102052461,6.742092322689297,0.8132235732398562,3.406842459789107
volratio_channel_2026_n30_r0.75_btc0.75,2026,combination,True,1,3,-2.716321134405808,3.078969175714852,-4.074315732442539,-9.246694003299686
volratio_channel_2026_n30_r0.75_btc0.75,2026,combination,True,1,4,2.89358079447124,4.525236616561723,1.718632002821741,9.168462054069577
volratio_channel_2026_n30_r0.75_btc0.75,2026,combination,True,1,5,-2.4917131738468545,6.6531484424807825,-1.1655127236233036,-3.973289945629477
volratio_channel_2026_n30_r0.75_btc0.75,2026,combination,True,1,6,24.21315751794484,6.210626486092563,5.2202848726561895,209.09961437577672
volratio_channel_2026_n30_r0.75_btc0.75,2026,combination,True,2,1,4.173132694349979,4.798093371137002,1.9616844174854056,13.431953511262753
volratio_channel_2026_n30_r0.75_btc0.75,2026,combination,True,2,2,1.6826756168916601,6.7699855877554675,0.8010876303065083,3.324964868904084
volratio_channel_2026_n30_r0.75_btc0.75,2026,combination,True,2,3,-2.813687940736165,3.1760380562081636,-4.2184563662341255,-9.236808953117237
volratio_channel_2026_n30_r0.75_btc0.75,2026,combination,True,2,4,2.758861286791814,4.61891580861582,1.6388760544117742,8.498086746675195
volratio_channel_2026_n30_r0.75_btc0.75,2026,combination,True,2,5,-2.491396612772734,6.652364062885052,-1.1654997221457144,-3.9733216270779743
volratio_channel_2026_n30_r0.75_btc0.75,2026,combination,True,2,6,24.047629667316308,6.210074239881824,5.184955292019513,205.4936485288159
volratio_channel_2026_n30_r0.75_btc0.75,2026,combination,True,3,1,4.036884751409997,4.7982917005706565,1.8956638840031936,12.889998328699685
volratio_channel_2026_n30_r0.75_btc0.75,2026,combination,True,3,2,1.6507619221813874,6.798715442842418,0.7886531194839472,3.2422255956687356
volratio_channel_2026_n30_r0.75_btc0.75,2026,combination,True,3,3,-2.9110395504058473,3.2730911210136715,-4.354363951290714,-9.224570121245135
volratio_channel_2026_n30_r0.75_btc0.75,2026,combination,True,3,4,2.6244213098609137,4.712347941505701,1.5594825035570026,7.862639717426117
volratio_channel_2026_n30_r0.75_btc0.75,2026,combination,True,3,5,-2.4910397956594665,6.651475419925445,-1.165488186866487,-3.973360025243934
volratio_channel_2026_n30_r0.75_btc0.75,2026,combination,True,3,6,23.881826109038972,6.209443534087167,5.149350144602497,201.93730148483402
volratio_channel_2026_n30_r1_btc0.75,2026,combination,True,1,1,4.310165249810005,4.798568944202886,2.02786843182596,13.983142375147242
volratio_channel_2026_n30_r1_btc0.75,2026,combination,True,1,2,1.7139535102052461,6.742092322689297,0.8132235732398562,3.406842459789107
volratio_channel_2026_n30_r1_btc0.75,2026,combination,True,1,3,-2.716321134405808,3.078969175714852,-4.074315732442539,-9.246694003299686
volratio_channel_2026_n30_r1_btc0.75,2026,combination,True,1,4,2.89358079447124,4.525236616561723,1.718632002821741,9.168462054069577
volratio_channel_2026_n30_r1_btc0.75,2026,combination,True,1,5,-2.4917131738468545,6.6531484424807825,-1.1655127236233036,-3.973289945629477
volratio_channel_2026_n30_r1_btc0.75,2026,combination,True,1,6,24.21315751794484,6.210626486092563,5.2202848726561895,209.09961437577672
volratio_channel_2026_n30_r1_btc0.75,2026,combination,True,2,1,4.173132694349979,4.798093371137002,1.9616844174854056,13.431953511262753
volratio_channel_2026_n30_r1_btc0.75,2026,combination,True,2,2,1.6826756168916601,6.7699855877554675,0.8010876303065083,3.324964868904084
volratio_channel_2026_n30_r1_btc0.75,2026,combination,True,2,3,-2.813687940736165,3.1760380562081636,-4.2184563662341255,-9.236808953117237
volratio_channel_2026_n30_r1_btc0.75,2026,combination,True,2,4,2.758861286791814,4.61891580861582,1.6388760544117742,8.498086746675195
volratio_channel_2026_n30_r1_btc0.75,2026,combination,True,2,5,-2.491396612772734,6.652364062885052,-1.1654997221457144,-3.9733216270779743
volratio_channel_2026_n30_r1_btc0.75,2026,combination,True,2,6,24.047629667316308,6.210074239881824,5.184955292019513,205.4936485288159
volratio_channel_2026_n30_r1_btc0.75,2026,combination,True,3,1,4.036884751409997,4.7982917005706565,1.8956638840031936,12.889998328699685
volratio_channel_2026_n30_r1_btc0.75,2026,combination,True,3,2,1.6507619221813874,6.798715442842418,0.7886531194839472,3.2422255956687356
volratio_channel_2026_n30_r1_btc0.75,2026,combination,True,3,3,-2.9110395504058473,3.2730911210136715,-4.354363951290714,-9.224570121245135
volratio_channel_2026_n30_r1_btc0.75,2026,combination,True,3,4,2.6244213098609137,4.712347941505701,1.5594825035570026,7.862639717426117
volratio_channel_2026_n30_r1_btc0.75,2026,combination,True,3,5,-2.4910397956594665,6.651475419925445,-1.165488186866487,-3.973360025243934
volratio_channel_2026_n30_r1_btc0.75,2026,combination,True,3,6,23.881826109038972,6.209443534087167,5.149350144602497,201.93730148483402
volratio_channel_2026_n30_r1.25_btc0.75,2026,combination,True,1,1,1.6760988367199747,3.6453563402131905,2.052705806237646,6.148532482765334
volratio_channel_2026_n30_r1.25_btc0.75,2026,combination,True,1,2,1.6524710409062449,6.755684645693694,0.7893945219884231,3.2665730500090606
volratio_channel_2026_n30_r1.25_btc0.75,2026,combination,True,1,3,-2.694617652209663,3.0544603954095417,-4.074382948826616,-9.257245338388191
volratio_channel_2026_n30_r1.25_btc0.75,2026,combination,True,1,4,2.2041608212730157,1.5462781478888465,3.938665470532123,19.645242871669122
volratio_channel_2026_n30_r1.25_btc0.75,2026,combination,True,1,5,-3.0348114102055845,6.644715671872204,-1.5567001756256085,-4.7056826753670284
volratio_channel_2026_n30_r1.25_btc0.75,2026,combination,True,1,6,24.30500808848688,6.21704298259248,5.217342528475613,210.9161712516806
volratio_channel_2026_n30_r1.25_btc0.75,2026,combination,True,2,1,1.5427744756799866,3.6448711583670135,1.8707168180942428,5.617447703612076
volratio_channel_2026_n30_r1.25_btc0.75,2026,combination,True,2,2,1.6202396100512662,6.784103591071455,0.7769139643645583,3.1835987148258797
volratio_channel_2026_n30_r1.25_btc0.75,2026,combination,True,2,3,-2.791076904270562,3.150612034872413,-4.2184886558587396,-9.247781785016016
volratio_channel_2026_n30_r1.25_btc0.75,2026,combination,True,2,4,2.1690949230626977,1.5447696707664105,3.8863930491041083,19.312790428553537
volratio_channel_2026_n30_r1.25_btc0.75,2026,combination,True,2,5,-3.128479964528974,6.6449610955078064,-1.6172800411020674,-4.826422597142312
volratio_channel_2026_n30_r1.25_btc0.75,2026,combination,True,2,6,24.142834392081337,6.217216755914978,5.182208080617068,207.33328410922385
volratio_channel_2026_n30_r1.25_btc0.75,2026,combination,True,3,1,1.4102446672300095,3.6448675477184445,1.692112956541098,5.096392254471089
volratio_channel_2026_n30_r1.25_btc0.75,2026,combination,True,3,2,1.5873560248101493,6.813379905871198,0.764129191509531,3.099781798008039
volratio_channel_2026_n30_r1.25_btc0.75,2026,combination,True,3,3,-2.8875119847723174,3.246738849759734,-4.354365668115367,-9.23596430047122
volratio_channel_2026_n30_r1.25_btc0.75,2026,combination,True,3,4,2.134070938718202,1.543239806336616,3.832927494907737,18.981715833838685
volratio_channel_2026_n30_r1.25_btc0.75,2026,combination,True,3,5,-3.2219851595408078,6.6451112936373296,-1.6779820350577852,-4.945718504355111
volratio_channel_2026_n30_r1.25_btc0.75,2026,combination,True,3,6,23.980374437784178,6.217318395915516,5.146804262148543,203.7985841176439
