config,year,is_new,role,asset,entry_days,exit_days,EMA_symmetric_band,BTC_initial_weight,capital_usdt,cost,net_return_pct,minute_DD_pct,daily_DD_pct,Sharpe365,Calmar,positive_folds1,round_trips,cost_pct,first_five_folds_return_pct,last_fold_return_pct,status
filtered_band_2025_BTC_e10_b0.01_x30_s50_c1350,2025,True,component,BTC,10,30,0.01,0.675,1350,1,20.63925038320742,12.13060664383081,11.267448743391661,1.585325723041706,3.816694797708816,4,3,0.9050533649407407,26.41400131265188,-4.568126053665611,passed
filtered_band_2025_BTC_e10_b0.01_x30_s50_c1350,2025,True,component,BTC,10,30,0.01,0.675,1350,2,19.694711915555562,12.184603916798597,11.499040065640864,1.5271241378515599,3.609922245299215,4,3,1.8027098325925923,25.91602523293335,-4.940843157865659,passed
filtered_band_2025_BTC_e10_b0.01_x30_s50_c1350,2025,True,component,BTC,10,30,0.01,0.675,1350,3,18.76103885096296,12.415094039381824,11.731126139742365,1.4682562265918109,3.3601919364007307,4,3,2.693643223111111,25.427718469096305,-5.3151565694595,passed
filtered_alloc_2025_BTC_e10_s50_c1350,2025,False,component,BTC,10,30,0.015,0.675,1350,1,20.63925038320742,12.13060664383081,11.267448743391661,1.585325723041706,3.816694797708816,4,3,0.9050533649407407,26.41400131265188,-4.568126053665611,passed
filtered_alloc_2025_BTC_e10_s50_c1350,2025,False,component,BTC,10,30,0.015,0.675,1350,2,19.694711915555562,12.184603916798597,11.499040065640864,1.5271241378515599,3.609922245299215,4,3,1.8027098325925923,25.91602523293335,-4.940843157865659,passed
filtered_alloc_2025_BTC_e10_s50_c1350,2025,False,component,BTC,10,30,0.015,0.675,1350,3,18.76103885096296,12.415094039381824,11.731126139742365,1.4682562265918109,3.3601919364007307,4,3,2.693643223111111,25.427718469096305,-5.3151565694595,passed
filtered_band_2025_BTC_e10_b0.02_x30_s50_c1350,2025,True,component,BTC,10,30,0.02,0.675,1350,1,20.210913537096296,12.13060664383081,11.267448743391661,1.551084734119368,3.730022089208484,4,3,0.9033644406814815,26.41400131265188,-4.906962607894871,passed
filtered_band_2025_BTC_e10_b0.02_x30_s50_c1350,2025,True,component,BTC,10,30,0.02,0.675,1350,2,19.269841430933333,12.184603916798597,11.499040065640864,1.49310443144989,3.525020558220259,4,3,1.7993373468444442,25.91602523293335,-5.278266836731205,passed
filtered_band_2025_BTC_e10_b0.02_x30_s50_c1350,2025,True,component,BTC,10,30,0.02,0.675,1350,3,18.339333663525935,12.415094039381824,11.731126139742365,1.4344594961641928,3.2781502882538116,4,3,2.6885911068444446,25.427718469096305,-5.65137028089755,passed
filtered_band_2025_BTC_e15_b0.01_x30_s50_c1350,2025,True,component,BTC,15,30,0.01,0.675,1350,1,19.564938072696304,12.738334914666039,12.057035497492363,1.517283738768757,3.428163326848935,4,3,0.9007242680444444,25.28762449725925,-4.567639020634595,passed
filtered_band_2025_BTC_e15_b0.01_x30_s50_c1350,2025,True,component,BTC,15,30,0.01,0.675,1350,2,18.629220678162973,12.965518596530023,12.286120569046199,1.4586019350205397,3.192954825335222,4,3,1.793594299614815,24.794150133570337,-4.940078880948285,passed
filtered_band_2025_BTC_e15_b0.01_x30_s50_c1350,2025,True,component,BTC,15,30,0.01,0.675,1350,3,17.703668284970362,13.194058949215126,12.516256990833185,1.399273359632846,2.9687788223729643,4,3,2.679979611325926,24.309627637066654,-5.31411723907903,passed
filtered_alloc_2025_BTC_e15_s50_c1350,2025,False,component,BTC,15,30,0.015,0.675,1350,1,19.564938072696304,12.738334914666039,12.057035497492363,1.517283738768757,3.428163326848935,4,3,0.9007242680444444,25.28762449725925,-4.567639020634595,passed
filtered_alloc_2025_BTC_e15_s50_c1350,2025,False,component,BTC,15,30,0.015,0.675,1350,2,18.629220678162973,12.965518596530023,12.286120569046199,1.4586019350205397,3.192954825335222,4,3,1.793594299614815,24.794150133570337,-4.940078880948285,passed
filtered_alloc_2025_BTC_e15_s50_c1350,2025,False,component,BTC,15,30,0.015,0.675,1350,3,17.703668284970362,13.194058949215126,12.516256990833185,1.399273359632846,2.9687788223729643,4,3,2.679979611325926,24.309627637066654,-5.31411723907903,passed
filtered_band_2025_BTC_e15_b0.02_x30_s50_c1350,2025,True,component,BTC,15,30,0.02,0.675,1350,1,19.140448227511108,12.738334914666039,12.057035497492363,1.4833527908148674,3.347115484106526,4,3,0.8990510761925927,25.28762449725925,-4.906451291111047,passed
filtered_band_2025_BTC_e15_b0.02_x30_s50_c1350,2025,True,component,BTC,15,30,0.02,0.675,1350,2,18.20800660177777,12.965518596530023,12.286120569046199,1.424895656722667,3.1145770800619164,4,3,1.7906806130370367,24.794150133570337,-5.277605981324662,passed
filtered_band_2025_BTC_e15_b0.02_x30_s50_c1350,2025,True,component,BTC,15,30,0.02,0.675,1350,3,17.285400637822224,13.194058949215126,12.516256990833185,1.3657909255784264,2.892910790302582,4,3,2.6756051621777783,24.309627637066654,-5.650589687029162,passed
filtered_band_2025_BTC_e20_b0.01_x30_s50_c1350,2025,True,component,BTC,20,30,0.01,0.675,1350,1,18.486866063014816,12.13060664383081,10.627370039984484,1.4697106716548778,3.384369833823121,4,3,0.8974577221703703,24.61968774918517,-4.921230181954506,passed
filtered_band_2025_BTC_e20_b0.01_x30_s50_c1350,2025,True,component,BTC,20,30,0.01,0.675,1350,2,17.562218215437042,12.130703681958732,10.861264964916195,1.4102184199646295,3.2010765860894166,4,3,1.7879574512296295,24.13549721367407,-5.295245232652879,passed
filtered_band_2025_BTC_e20_b0.01_x30_s50_c1350,2025,True,component,BTC,20,30,0.01,0.675,1350,3,16.642181945481482,12.130775550801431,11.09382123450594,1.3500645501445563,3.0201710145408844,4,3,2.670846187851852,23.646429429481497,-5.664738978972861,passed
filtered_alloc_2025_BTC_e20_s50_c1350,2025,False,component,BTC,20,30,0.015,0.675,1350,1,18.486866063014816,12.13060664383081,10.627370039984484,1.4697106716548778,3.384369833823121,4,3,0.8974577221703703,24.61968774918517,-4.921230181954506,passed
filtered_alloc_2025_BTC_e20_s50_c1350,2025,False,component,BTC,20,30,0.015,0.675,1350,2,17.562218215437042,12.130703681958732,10.861264964916195,1.4102184199646295,3.2010765860894166,4,3,1.7879574512296295,24.13549721367407,-5.295245232652879,passed
filtered_alloc_2025_BTC_e20_s50_c1350,2025,False,component,BTC,20,30,0.015,0.675,1350,3,16.642181945481482,12.130775550801431,11.09382123450594,1.3500645501445563,3.0201710145408844,4,3,2.670846187851852,23.646429429481497,-5.664738978972861,passed
filtered_band_2025_BTC_e20_b0.02_x30_s50_c1350,2025,True,component,BTC,20,30,0.02,0.675,1350,1,18.06635049951111,12.13060664383081,10.627370039984484,1.4352586035433552,3.3008395898057756,4,3,0.8957856486370369,24.61968774918517,-5.2586692905727705,passed
filtered_band_2025_BTC_e20_b0.02_x30_s50_c1350,2025,True,component,BTC,20,30,0.02,0.675,1350,2,17.14487686216295,12.130703681958732,10.861264964916195,1.3759843372872782,3.1188423874171494,4,3,1.7845968341333334,24.13549721367407,-5.631443469774144,passed
filtered_band_2025_BTC_e20_b0.02_x30_s50_c1350,2025,True,component,BTC,20,30,0.02,0.675,1350,3,16.22827581776296,12.130775550801431,11.09382123450594,1.3160890314980485,2.939270043642794,4,3,2.6658331452,23.646429429481497,-5.999488740553794,passed
filtered_band_2025_ETH_e10_b0.01_x30_s50_c650,2025,True,component,ETH,10,30,0.01,0.675,650,1,96.85534020923076,19.827488644829916,16.907874037609595,2.7708988588507295,14.87228273927756,5,2,0.6765051753846154,91.92387042692312,2.5694926698476284,passed
filtered_band_2025_ETH_e10_b0.01_x30_s50_c650,2025,True,component,ETH,10,30,0.01,0.675,650,2,95.81689151353847,20.036765426110136,17.12490741071622,2.7522296131045523,14.506706366488993,5,2,1.3481455633846153,91.1622960513846,2.434892004489586,passed
filtered_band_2025_ETH_e10_b0.01_x30_s50_c650,2025,True,component,ETH,10,30,0.01,0.675,650,3,94.78204126415386,20.245376429741558,17.34127440295714,2.7334234441183405,14.150999139845434,5,2,2.0161875050769233,90.4025473632308,2.3001235863553404,passed
filtered_alloc_2025_ETH_e10_s50_c650,2025,False,component,ETH,10,30,0.015,0.675,650,1,96.85534020923076,19.827488644829916,16.907874037609595,2.7708988588507295,14.87228273927756,5,2,0.6765051753846154,91.92387042692312,2.5694926698476284,passed
filtered_alloc_2025_ETH_e10_s50_c650,2025,False,component,ETH,10,30,0.015,0.675,650,2,95.81689151353847,20.036765426110136,17.12490741071622,2.7522296131045523,14.506706366488993,5,2,1.3481455633846153,91.1622960513846,2.434892004489586,passed
filtered_alloc_2025_ETH_e10_s50_c650,2025,False,component,ETH,10,30,0.015,0.675,650,3,94.78204126415386,20.245376429741558,17.34127440295714,2.7334234441183405,14.150999139845434,5,2,2.0161875050769233,90.4025473632308,2.3001235863553404,passed
filtered_band_2025_ETH_e10_b0.02_x30_s50_c650,2025,True,component,ETH,10,30,0.02,0.675,650,1,96.85534020923076,19.827488644829916,16.907874037609595,2.7708988588507295,14.87228273927756,5,2,0.6765051753846154,91.92387042692312,2.5694926698476284,passed
filtered_band_2025_ETH_e10_b0.02_x30_s50_c650,2025,True,component,ETH,10,30,0.02,0.675,650,2,95.81689151353847,20.036765426110136,17.12490741071622,2.7522296131045523,14.506706366488993,5,2,1.3481455633846153,91.1622960513846,2.434892004489586,passed
filtered_band_2025_ETH_e10_b0.02_x30_s50_c650,2025,True,component,ETH,10,30,0.02,0.675,650,3,94.78204126415386,20.245376429741558,17.34127440295714,2.7334234441183405,14.150999139845434,5,2,2.0161875050769233,90.4025473632308,2.3001235863553404,passed
filtered_band_2025_ETH_e15_b0.01_x30_s50_c650,2025,True,component,ETH,15,30,0.01,0.675,650,1,96.85534020923076,19.827488644829916,16.907874037609595,2.7708988588507295,14.87228273927756,5,2,0.6765051753846154,91.92387042692312,2.5694926698476284,passed
filtered_band_2025_ETH_e15_b0.01_x30_s50_c650,2025,True,component,ETH,15,30,0.01,0.675,650,2,95.81689151353847,20.036765426110136,17.12490741071622,2.7522296131045523,14.506706366488993,5,2,1.3481455633846153,91.1622960513846,2.434892004489586,passed
filtered_band_2025_ETH_e15_b0.01_x30_s50_c650,2025,True,component,ETH,15,30,0.01,0.675,650,3,94.78204126415386,20.245376429741558,17.34127440295714,2.7334234441183405,14.150999139845434,5,2,2.0161875050769233,90.4025473632308,2.3001235863553404,passed
filtered_alloc_2025_ETH_e15_s50_c650,2025,False,component,ETH,15,30,0.015,0.675,650,1,96.85534020923076,19.827488644829916,16.907874037609595,2.7708988588507295,14.87228273927756,5,2,0.6765051753846154,91.92387042692312,2.5694926698476284,passed
filtered_alloc_2025_ETH_e15_s50_c650,2025,False,component,ETH,15,30,0.015,0.675,650,2,95.81689151353847,20.036765426110136,17.12490741071622,2.7522296131045523,14.506706366488993,5,2,1.3481455633846153,91.1622960513846,2.434892004489586,passed
filtered_alloc_2025_ETH_e15_s50_c650,2025,False,component,ETH,15,30,0.015,0.675,650,3,94.78204126415386,20.245376429741558,17.34127440295714,2.7334234441183405,14.150999139845434,5,2,2.0161875050769233,90.4025473632308,2.3001235863553404,passed
filtered_band_2025_ETH_e15_b0.02_x30_s50_c650,2025,True,component,ETH,15,30,0.02,0.675,650,1,96.85534020923076,19.827488644829916,16.907874037609595,2.7708988588507295,14.87228273927756,5,2,0.6765051753846154,91.92387042692312,2.5694926698476284,passed
filtered_band_2025_ETH_e15_b0.02_x30_s50_c650,2025,True,component,ETH,15,30,0.02,0.675,650,2,95.81689151353847,20.036765426110136,17.12490741071622,2.7522296131045523,14.506706366488993,5,2,1.3481455633846153,91.1622960513846,2.434892004489586,passed
filtered_band_2025_ETH_e15_b0.02_x30_s50_c650,2025,True,component,ETH,15,30,0.02,0.675,650,3,94.78204126415386,20.245376429741558,17.34127440295714,2.7334234441183405,14.150999139845434,5,2,2.0161875050769233,90.4025473632308,2.3001235863553404,passed
filtered_band_2025_ETH_e20_b0.01_x30_s50_c650,2025,True,component,ETH,20,30,0.01,0.675,650,1,95.41640795076924,20.415189655455322,17.516928056540483,2.74289020528449,14.158526291935672,5,2,0.6743758953846155,90.52086873153851,2.569555373027943,passed
filtered_band_2025_ETH_e20_b0.01_x30_s50_c650,2025,True,component,ETH,20,30,0.01,0.675,650,2,94.38288542307691,20.622909264647028,17.732379276515974,2.723468282573867,13.81414997532122,5,2,1.3443055000000002,89.76233967169232,2.434911879448043,passed
filtered_band_2025_ETH_e20_b0.01_x30_s50_c650,2025,True,component,ETH,20,30,0.01,0.675,650,3,93.35297299984614,20.829950329720415,17.947151040183375,2.703927222012573,13.478861521346753,5,2,2.0106250001538464,89.00564578200003,2.3001044227326073,passed
filtered_alloc_2025_ETH_e20_s50_c650,2025,False,component,ETH,20,30,0.015,0.675,650,1,95.41640795076924,20.415189655455322,17.516928056540483,2.74289020528449,14.158526291935672,5,2,0.6743758953846155,90.52086873153851,2.569555373027943,passed
filtered_alloc_2025_ETH_e20_s50_c650,2025,False,component,ETH,20,30,0.015,0.675,650,2,94.38288542307691,20.622909264647028,17.732379276515974,2.723468282573867,13.81414997532122,5,2,1.3443055000000002,89.76233967169232,2.434911879448043,passed
filtered_alloc_2025_ETH_e20_s50_c650,2025,False,component,ETH,20,30,0.015,0.675,650,3,93.35297299984614,20.829950329720415,17.947151040183375,2.703927222012573,13.478861521346753,5,2,2.0106250001538464,89.00564578200003,2.3001044227326073,passed
filtered_band_2025_ETH_e20_b0.02_x30_s50_c650,2025,True,component,ETH,20,30,0.02,0.675,650,1,95.41640795076924,20.415189655455322,17.516928056540483,2.74289020528449,14.158526291935672,5,2,0.6743758953846155,90.52086873153851,2.569555373027943,passed
filtered_band_2025_ETH_e20_b0.02_x30_s50_c650,2025,True,component,ETH,20,30,0.02,0.675,650,2,94.38288542307691,20.622909264647028,17.732379276515974,2.723468282573867,13.81414997532122,5,2,1.3443055000000002,89.76233967169232,2.434911879448043,passed
filtered_band_2025_ETH_e20_b0.02_x30_s50_c650,2025,True,component,ETH,20,30,0.02,0.675,650,3,93.35297299984614,20.829950329720415,17.947151040183375,2.703927222012573,13.478861521346753,5,2,2.0106250001538464,89.00564578200003,2.3001044227326073,passed
filtered_band_2025_combo_e10_b0.01_x30_s50_btc0.675,2025,True,combination,combination,10,30,0.01,0.675,2000,1,45.40947957666499,12.5347568813305,11.63289214238532,2.5722807950550406,9.066750381577457,4,5,0.8307752033350001,47.70470877479001,-1.5539309593877837,passed
filtered_band_2025_combo_e10_b0.01_x30_s50_btc0.675,2025,True,combination,combination,10,30,0.01,0.675,2000,2,44.434420284899986,12.607749881781283,11.8270448649899,2.5314361248387174,8.784630596008714,4,5,1.6549764451,47.121063248930014,-1.8261443363036256,passed
filtered_band_2025_combo_e10_b0.01_x30_s50_btc0.675,2025,True,combination,combination,10,30,0.01,0.675,2000,3,43.46786463525001,12.800481783550122,12.02150568322773,2.4901266615497235,8.429709602137242,4,5,2.47347011475,46.54453785969002,-2.0994799733755842,passed
filtered_alloc_2025_combo_e10_s50_btc0.675,2025,False,combination,combination,10,30,0.015,0.675,2000,1,45.40947957666499,12.5347568813305,11.63289214238532,2.5722807950550406,9.066750381577457,4,5,0.8307752033350001,47.70470877479001,-1.5539309593877837,passed
filtered_alloc_2025_combo_e10_s50_btc0.675,2025,False,combination,combination,10,30,0.015,0.675,2000,2,44.434420284899986,12.607749881781283,11.8270448649899,2.5314361248387174,8.784630596008714,4,5,1.6549764451,47.121063248930014,-1.8261443363036256,passed
filtered_alloc_2025_combo_e10_s50_btc0.675,2025,False,combination,combination,10,30,0.015,0.675,2000,3,43.46786463525001,12.800481783550122,12.02150568322773,2.4901266615497235,8.429709602137242,4,5,2.47347011475,46.54453785969002,-2.0994799733755842,passed
filtered_band_2025_combo_e10_b0.02_x30_s50_btc0.675,2025,True,combination,combination,10,30,0.02,0.675,2000,1,45.12035220553998,12.5347568813305,11.63289214238532,2.5459065186433323,8.998097486552018,4,5,0.8296351794599999,47.70470877479001,-1.7496778475698305,passed
filtered_band_2025_combo_e10_b0.02_x30_s50_btc0.675,2025,True,combination,combination,10,30,0.02,0.675,2000,2,44.14763270777999,12.607749881781283,11.8270448649899,2.5065780293192113,8.717393995186825,4,5,1.6527000172200002,47.121063248930014,-2.0210773872120225,passed
filtered_band_2025_combo_e10_b0.02_x30_s50_btc0.675,2025,True,combination,combination,10,30,0.02,0.675,2000,3,43.18321363373001,12.800481783550122,12.02150568322773,2.466739704845832,8.364430726196261,4,5,2.4700599362699998,46.54453785969002,-2.293721946278404,passed
filtered_band_2025_combo_e15_b0.01_x30_s50_btc0.675,2025,True,combination,combination,15,30,0.01,0.675,2000,1,44.684318767069996,12.947161135676177,12.170174177431981,2.536969451537095,8.611501746570427,4,5,0.82785306293,46.94440442440002,-1.5380549304909175,passed
filtered_band_2025_combo_e15_b0.01_x30_s50_btc0.675,2025,True,combination,combination,15,30,0.01,0.675,2000,2,43.715213699659984,13.137682212903123,12.362625243848457,2.496016420078277,8.268721046956154,4,5,1.64882346034,46.36379755686,-1.809589462292449,passed
filtered_band_2025_combo_e15_b0.01_x30_s50_btc0.675,2025,True,combination,combination,15,30,0.01,0.675,2000,3,42.75413950320499,13.329094771121873,12.555763092564066,2.4545897472824185,7.938454100368292,4,5,2.464247176795,45.78982654807,-2.0822351715084064,passed
filtered_alloc_2025_combo_e15_s50_btc0.675,2025,False,combination,combination,15,30,0.015,0.675,2000,1,44.684318767069996,12.947161135676177,12.170174177431981,2.536969451537095,8.611501746570427,4,5,0.82785306293,46.94440442440002,-1.5380549304909175,passed
filtered_alloc_2025_combo_e15_s50_btc0.675,2025,False,combination,combination,15,30,0.015,0.675,2000,2,43.715213699659984,13.137682212903123,12.362625243848457,2.496016420078277,8.268721046956154,4,5,1.64882346034,46.36379755686,-1.809589462292449,passed
filtered_alloc_2025_combo_e15_s50_btc0.675,2025,False,combination,combination,15,30,0.015,0.675,2000,3,42.75413950320499,13.329094771121873,12.555763092564066,2.4545897472824185,7.938454100368292,4,5,2.464247176795,45.78982654807,-2.0822351715084064,passed
filtered_band_2025_combo_e15_b0.02_x30_s50_btc0.675,2025,True,combination,combination,15,30,0.02,0.675,2000,1,44.39778812157,12.947161135676177,12.170174177431981,2.5109188854159727,8.545969915583019,4,5,0.8267236584300002,46.94440442440002,-1.7330474833699205,passed
filtered_band_2025_combo_e15_b0.02_x30_s50_btc0.675,2025,True,combination,combination,15,30,0.02,0.675,2000,2,43.43089419809998,13.137682212903123,12.362625243848457,2.471458306505656,8.205078971592805,4,5,1.6468567219000003,46.36379755686,-2.0038448084271687,passed
filtered_band_2025_combo_e15_b0.02_x30_s50_btc0.675,2025,True,combination,combination,15,30,0.02,0.675,2000,3,42.471808841380025,13.329094771121873,12.555763092564066,2.431478474000755,7.876592808634977,4,5,2.46129442362,45.78982654807,-2.2758911134282522,passed
filtered_band_2025_combo_e20_b0.01_x30_s50_btc0.675,2025,True,combination,combination,20,30,0.01,0.675,2000,1,43.48896717653501,13.366388481891544,12.13435673786013,2.4981487592796023,8.077451838766162,4,5,0.8249561284649999,46.03757156844994,-1.7451703452357137,passed
filtered_band_2025_combo_e20_b0.01_x30_s50_btc0.675,2025,True,combination,combination,20,30,0.01,0.675,2000,2,42.528935057919995,13.593046460401037,12.36412913863435,2.4556046122909856,7.735907895038481,4,5,1.64377056708,45.464221012530025,-2.017874865845659,passed
filtered_band_2025_combo_e20_b0.01_x30_s50_btc0.675,2025,True,combination,combination,20,30,0.01,0.675,2000,3,41.57318903814999,13.818288767941356,12.59276984127885,2.4128201656810218,7.408628916620317,4,5,2.45627430185,44.888174744050005,-2.2879615343046833,passed
filtered_alloc_2025_combo_e20_s50_btc0.675,2025,False,combination,combination,20,30,0.015,0.675,2000,1,43.48896717653501,13.366388481891544,12.13435673786013,2.4981487592796023,8.077451838766162,4,5,0.8249561284649999,46.03757156844994,-1.7451703452357137,passed
filtered_alloc_2025_combo_e20_s50_btc0.675,2025,False,combination,combination,20,30,0.015,0.675,2000,2,42.528935057919995,13.593046460401037,12.36412913863435,2.4556046122909856,7.735907895038481,4,5,1.64377056708,45.464221012530025,-2.017874865845659,passed
filtered_alloc_2025_combo_e20_s50_btc0.675,2025,False,combination,combination,20,30,0.015,0.675,2000,3,41.57318903814999,13.818288767941356,12.59276984127885,2.4128201656810218,7.408628916620317,4,5,2.45627430185,44.888174744050005,-2.2879615343046833,passed
filtered_band_2025_combo_e20_b0.02_x30_s50_btc0.675,2025,True,combination,combination,20,30,0.02,0.675,2000,1,43.205119171170004,13.366388481891544,12.13435673786013,2.472079903322381,8.01510348376064,4,5,0.8238274788300001,46.03757156844994,-1.939536769106276,passed
filtered_band_2025_combo_e20_b0.02_x30_s50_btc0.675,2025,True,combination,combination,20,30,0.02,0.675,2000,2,42.24722964445999,13.593046460401037,12.36412913863435,2.431047516516105,7.675480266527214,4,5,1.6415021505399998,45.464221012530025,-2.211534455467856,passed
filtered_band_2025_combo_e20_b0.02_x30_s50_btc0.675,2025,True,combination,combination,20,30,0.02,0.675,2000,3,41.293802401940006,13.818288767941356,12.59276984127885,2.3897520943316115,7.3500817328635275,4,5,2.45289049806,44.888174744050005,-2.4807906845811134,passed
filtered_band_2026_BTC_e10_b0.01_x30_s50_c1350,2026,True,component,BTC,10,30,0.01,0.675,1350,1,11.144824093555549,13.19540148388647,11.892378231438672,1.0225750034132624,1.8108453020032744,3,3,0.814270424962963,0.629630740370346,10.449400714104694,rejected
filtered_band_2026_BTC_e10_b0.01_x30_s50_c1350,2026,True,component,BTC,10,30,0.01,0.675,1350,2,10.274134288755544,13.650965570815742,12.23982021809057,0.9555836284143925,1.6068204405962185,3,3,1.6221684519851853,0.1046338422963089,10.158870829576339,rejected
filtered_band_2026_BTC_e10_b0.01_x30_s50_c1350,2026,True,component,BTC,10,30,0.01,0.675,1350,3,9.409755154518518,14.104117538681182,12.586051945698163,0.8882327812371739,1.418333912150147,3,3,2.4237558084444446,-0.41777911392593126,9.868763902833155,rejected
filtered_alloc_2026_BTC_e10_s50_c1350,2026,False,component,BTC,10,30,0.015,0.675,1350,1,10.500154155244434,13.695559806942548,12.400315808526585,0.9612310528905784,1.6386307512613154,3,3,0.8118912373481483,0.049504188370352864,10.44547901726518,rejected
filtered_alloc_2026_BTC_e10_s50_c1350,2026,False,component,BTC,10,30,0.015,0.675,1350,2,9.639280689037033,14.148979631830505,12.745899665370263,0.8954568284790042,1.449955760057773,3,3,1.6176852665185186,-0.47263135805926115,10.159931067277462,rejected
filtered_alloc_2026_BTC_e10_s50_c1350,2026,False,component,BTC,10,30,0.015,0.675,1350,3,8.779319386355544,14.599630388337037,13.09027216935348,0.8291137753303583,1.274438101000237,3,3,2.4170464951259256,-0.9921882420444339,9.869430961961267,rejected
filtered_band_2026_BTC_e10_b0.02_x30_s50_c1350,2026,True,component,BTC,10,30,0.02,0.675,1350,1,8.987403231570369,14.880108273741543,13.602407727151999,0.833571868906685,1.281364573545029,3,3,0.8063719684296295,-1.3234311316296488,10.449121287297846,rejected
filtered_band_2026_BTC_e10_b0.02_x30_s50_c1350,2026,True,component,BTC,10,30,0.02,0.675,1350,2,8.13195488194074,15.327031557396664,13.943432588396554,0.768620259824368,1.1208564362741595,3,3,1.6064079180592592,-1.8386107244592553,10.157319165901812,rejected
filtered_band_2026_BTC_e10_b0.02_x30_s50_c1350,2026,True,component,BTC,10,30,0.02,0.675,1350,3,7.287878777688883,15.772017674882488,14.283231002943996,0.7036804822978672,0.9721034538055281,3,3,2.4005922593481483,-2.351210374311108,9.871181392978778,rejected
filtered_band_2026_BTC_e15_b0.01_x30_s50_c1350,2026,True,component,BTC,15,30,0.01,0.675,1350,1,11.144824093555549,13.19540148388647,11.892378231438672,1.0225750034132624,1.8108453020032744,3,3,0.814270424962963,0.629630740370346,10.449400714104694,rejected
filtered_band_2026_BTC_e15_b0.01_x30_s50_c1350,2026,True,component,BTC,15,30,0.01,0.675,1350,2,10.274134288755544,13.650965570815742,12.23982021809057,0.9555836284143925,1.6068204405962185,3,3,1.6221684519851853,0.1046338422963089,10.158870829576339,rejected
filtered_band_2026_BTC_e15_b0.01_x30_s50_c1350,2026,True,component,BTC,15,30,0.01,0.675,1350,3,9.409755154518518,14.104117538681182,12.586051945698163,0.8882327812371739,1.418333912150147,3,3,2.4237558084444446,-0.41777911392593126,9.868763902833155,rejected
filtered_alloc_2026_BTC_e15_s50_c1350,2026,False,component,BTC,15,30,0.015,0.675,1350,1,10.500154155244434,13.695559806942548,12.400315808526585,0.9612310528905784,1.6386307512613154,3,3,0.8118912373481483,0.049504188370352864,10.44547901726518,rejected
filtered_alloc_2026_BTC_e15_s50_c1350,2026,False,component,BTC,15,30,0.015,0.675,1350,2,9.639280689037033,14.148979631830505,12.745899665370263,0.8954568284790042,1.449955760057773,3,3,1.6176852665185186,-0.47263135805926115,10.159931067277462,rejected
filtered_alloc_2026_BTC_e15_s50_c1350,2026,False,component,BTC,15,30,0.015,0.675,1350,3,8.779319386355544,14.599630388337037,13.09027216935348,0.8291137753303583,1.274438101000237,3,3,2.4170464951259256,-0.9921882420444339,9.869430961961267,rejected
filtered_band_2026_BTC_e15_b0.02_x30_s50_c1350,2026,True,component,BTC,15,30,0.02,0.675,1350,1,8.987403231570369,14.880108273741543,13.602407727151999,0.833571868906685,1.281364573545029,3,3,0.8063719684296295,-1.3234311316296488,10.449121287297846,rejected
filtered_band_2026_BTC_e15_b0.02_x30_s50_c1350,2026,True,component,BTC,15,30,0.02,0.675,1350,2,8.13195488194074,15.327031557396664,13.943432588396554,0.768620259824368,1.1208564362741595,3,3,1.6064079180592592,-1.8386107244592553,10.157319165901812,rejected
filtered_band_2026_BTC_e15_b0.02_x30_s50_c1350,2026,True,component,BTC,15,30,0.02,0.675,1350,3,7.287878777688883,15.772017674882488,14.283231002943996,0.7036804822978672,0.9721034538055281,3,3,2.4005922593481483,-2.351210374311108,9.871181392978778,rejected
filtered_band_2026_BTC_e20_b0.01_x30_s50_c1350,2026,True,component,BTC,20,30,0.01,0.675,1350,1,11.144824093555549,13.19540148388647,11.892378231438672,1.0225750034132624,1.8108453020032744,3,3,0.814270424962963,0.629630740370346,10.449400714104694,rejected
filtered_band_2026_BTC_e20_b0.01_x30_s50_c1350,2026,True,component,BTC,20,30,0.01,0.675,1350,2,10.274134288755544,13.650965570815742,12.23982021809057,0.9555836284143925,1.6068204405962185,3,3,1.6221684519851853,0.1046338422963089,10.158870829576339,rejected
filtered_band_2026_BTC_e20_b0.01_x30_s50_c1350,2026,True,component,BTC,20,30,0.01,0.675,1350,3,9.409755154518518,14.104117538681182,12.586051945698163,0.8882327812371739,1.418333912150147,3,3,2.4237558084444446,-0.41777911392593126,9.868763902833155,rejected
filtered_alloc_2026_BTC_e20_s50_c1350,2026,False,component,BTC,20,30,0.015,0.675,1350,1,10.500154155244434,13.695559806942548,12.400315808526585,0.9612310528905784,1.6386307512613154,3,3,0.8118912373481483,0.049504188370352864,10.44547901726518,rejected
filtered_alloc_2026_BTC_e20_s50_c1350,2026,False,component,BTC,20,30,0.015,0.675,1350,2,9.639280689037033,14.148979631830505,12.745899665370263,0.8954568284790042,1.449955760057773,3,3,1.6176852665185186,-0.47263135805926115,10.159931067277462,rejected
filtered_alloc_2026_BTC_e20_s50_c1350,2026,False,component,BTC,20,30,0.015,0.675,1350,3,8.779319386355544,14.599630388337037,13.09027216935348,0.8291137753303583,1.274438101000237,3,3,2.4170464951259256,-0.9921882420444339,9.869430961961267,rejected
filtered_band_2026_BTC_e20_b0.02_x30_s50_c1350,2026,True,component,BTC,20,30,0.02,0.675,1350,1,8.987403231570369,14.880108273741543,13.602407727151999,0.833571868906685,1.281364573545029,3,3,0.8063719684296295,-1.3234311316296488,10.449121287297846,rejected
filtered_band_2026_BTC_e20_b0.02_x30_s50_c1350,2026,True,component,BTC,20,30,0.02,0.675,1350,2,8.13195488194074,15.327031557396664,13.943432588396554,0.768620259824368,1.1208564362741595,3,3,1.6064079180592592,-1.8386107244592553,10.157319165901812,rejected
filtered_band_2026_BTC_e20_b0.02_x30_s50_c1350,2026,True,component,BTC,20,30,0.02,0.675,1350,3,7.287878777688883,15.772017674882488,14.283231002943996,0.7036804822978672,0.9721034538055281,3,3,2.4005922593481483,-2.351210374311108,9.871181392978778,rejected
filtered_band_2026_ETH_e10_b0.01_x30_s50_c650,2026,True,component,ETH,10,30,0.01,0.675,650,1,29.08306621969232,14.053682577897542,10.760191042654665,1.5005020157728348,4.8250811349330665,3,2,0.5604827033846154,-1.7760148978461565,31.41705265312209,rejected
filtered_band_2026_ETH_e10_b0.01_x30_s50_c650,2026,True,component,ETH,10,30,0.01,0.675,650,2,28.409779727076923,14.279005955183399,10.994063184681902,1.4727296129464502,4.624974250362453,3,2,1.1179324267692308,-2.1623923347692586,31.24787368723738,rejected
filtered_band_2026_ETH_e10_b0.01_x30_s50_c650,2026,True,component,ETH,10,30,0.01,0.675,650,3,27.74093280215384,14.502708338498493,11.226319742359536,1.4449758778821569,4.433034233317434,3,2,1.6709425824615383,-2.5457075683076646,31.077790023143457,rejected
filtered_alloc_2026_ETH_e10_s50_c650,2026,False,component,ETH,10,30,0.015,0.675,650,1,29.08306621969232,14.053682577897542,10.760191042654665,1.5005020157728348,4.8250811349330665,3,2,0.5604827033846154,-1.7760148978461565,31.41705265312209,rejected
filtered_alloc_2026_ETH_e10_s50_c650,2026,False,component,ETH,10,30,0.015,0.675,650,2,28.409779727076923,14.279005955183399,10.994063184681902,1.4727296129464502,4.624974250362453,3,2,1.1179324267692308,-2.1623923347692586,31.24787368723738,rejected
filtered_alloc_2026_ETH_e10_s50_c650,2026,False,component,ETH,10,30,0.015,0.675,650,3,27.74093280215384,14.502708338498493,11.226319742359536,1.4449758778821569,4.433034233317434,3,2,1.6709425824615383,-2.5457075683076646,31.077790023143457,rejected
filtered_band_2026_ETH_e10_b0.02_x30_s50_c650,2026,True,component,ETH,10,30,0.02,0.675,650,1,29.08306621969232,14.053682577897542,10.760191042654665,1.5005020157728348,4.8250811349330665,3,2,0.5604827033846154,-1.7760148978461565,31.41705265312209,rejected
filtered_band_2026_ETH_e10_b0.02_x30_s50_c650,2026,True,component,ETH,10,30,0.02,0.675,650,2,28.409779727076923,14.279005955183399,10.994063184681902,1.4727296129464502,4.624974250362453,3,2,1.1179324267692308,-2.1623923347692586,31.24787368723738,rejected
filtered_band_2026_ETH_e10_b0.02_x30_s50_c650,2026,True,component,ETH,10,30,0.02,0.675,650,3,27.74093280215384,14.502708338498493,11.226319742359536,1.4449758778821569,4.433034233317434,3,2,1.6709425824615383,-2.5457075683076646,31.077790023143457,rejected
filtered_band_2026_ETH_e15_b0.01_x30_s50_c650,2026,True,component,ETH,15,30,0.01,0.675,650,1,29.08306621969232,14.053682577897542,10.760191042654665,1.5005020157728348,4.8250811349330665,3,2,0.5604827033846154,-1.7760148978461565,31.41705265312209,rejected
filtered_band_2026_ETH_e15_b0.01_x30_s50_c650,2026,True,component,ETH,15,30,0.01,0.675,650,2,28.409779727076923,14.279005955183399,10.994063184681902,1.4727296129464502,4.624974250362453,3,2,1.1179324267692308,-2.1623923347692586,31.24787368723738,rejected
filtered_band_2026_ETH_e15_b0.01_x30_s50_c650,2026,True,component,ETH,15,30,0.01,0.675,650,3,27.74093280215384,14.502708338498493,11.226319742359536,1.4449758778821569,4.433034233317434,3,2,1.6709425824615383,-2.5457075683076646,31.077790023143457,rejected
filtered_alloc_2026_ETH_e15_s50_c650,2026,False,component,ETH,15,30,0.015,0.675,650,1,29.08306621969232,14.053682577897542,10.760191042654665,1.5005020157728348,4.8250811349330665,3,2,0.5604827033846154,-1.7760148978461565,31.41705265312209,rejected
filtered_alloc_2026_ETH_e15_s50_c650,2026,False,component,ETH,15,30,0.015,0.675,650,2,28.409779727076923,14.279005955183399,10.994063184681902,1.4727296129464502,4.624974250362453,3,2,1.1179324267692308,-2.1623923347692586,31.24787368723738,rejected
filtered_alloc_2026_ETH_e15_s50_c650,2026,False,component,ETH,15,30,0.015,0.675,650,3,27.74093280215384,14.502708338498493,11.226319742359536,1.4449758778821569,4.433034233317434,3,2,1.6709425824615383,-2.5457075683076646,31.077790023143457,rejected
filtered_band_2026_ETH_e15_b0.02_x30_s50_c650,2026,True,component,ETH,15,30,0.02,0.675,650,1,29.08306621969232,14.053682577897542,10.760191042654665,1.5005020157728348,4.8250811349330665,3,2,0.5604827033846154,-1.7760148978461565,31.41705265312209,rejected
filtered_band_2026_ETH_e15_b0.02_x30_s50_c650,2026,True,component,ETH,15,30,0.02,0.675,650,2,28.409779727076923,14.279005955183399,10.994063184681902,1.4727296129464502,4.624974250362453,3,2,1.1179324267692308,-2.1623923347692586,31.24787368723738,rejected
filtered_band_2026_ETH_e15_b0.02_x30_s50_c650,2026,True,component,ETH,15,30,0.02,0.675,650,3,27.74093280215384,14.502708338498493,11.226319742359536,1.4449758778821569,4.433034233317434,3,2,1.6709425824615383,-2.5457075683076646,31.077790023143457,rejected
filtered_band_2026_ETH_e20_b0.01_x30_s50_c650,2026,True,component,ETH,20,30,0.01,0.675,650,1,29.08306621969232,14.053682577897542,10.760191042654665,1.5005020157728348,4.8250811349330665,3,2,0.5604827033846154,-1.7760148978461565,31.41705265312209,rejected
filtered_band_2026_ETH_e20_b0.01_x30_s50_c650,2026,True,component,ETH,20,30,0.01,0.675,650,2,28.409779727076923,14.279005955183399,10.994063184681902,1.4727296129464502,4.624974250362453,3,2,1.1179324267692308,-2.1623923347692586,31.24787368723738,rejected
filtered_band_2026_ETH_e20_b0.01_x30_s50_c650,2026,True,component,ETH,20,30,0.01,0.675,650,3,27.74093280215384,14.502708338498493,11.226319742359536,1.4449758778821569,4.433034233317434,3,2,1.6709425824615383,-2.5457075683076646,31.077790023143457,rejected
filtered_alloc_2026_ETH_e20_s50_c650,2026,False,component,ETH,20,30,0.015,0.675,650,1,29.08306621969232,14.053682577897542,10.760191042654665,1.5005020157728348,4.8250811349330665,3,2,0.5604827033846154,-1.7760148978461565,31.41705265312209,rejected
filtered_alloc_2026_ETH_e20_s50_c650,2026,False,component,ETH,20,30,0.015,0.675,650,2,28.409779727076923,14.279005955183399,10.994063184681902,1.4727296129464502,4.624974250362453,3,2,1.1179324267692308,-2.1623923347692586,31.24787368723738,rejected
filtered_alloc_2026_ETH_e20_s50_c650,2026,False,component,ETH,20,30,0.015,0.675,650,3,27.74093280215384,14.502708338498493,11.226319742359536,1.4449758778821569,4.433034233317434,3,2,1.6709425824615383,-2.5457075683076646,31.077790023143457,rejected
filtered_band_2026_ETH_e20_b0.02_x30_s50_c650,2026,True,component,ETH,20,30,0.02,0.675,650,1,29.08306621969232,14.053682577897542,10.760191042654665,1.5005020157728348,4.8250811349330665,3,2,0.5604827033846154,-1.7760148978461565,31.41705265312209,rejected
filtered_band_2026_ETH_e20_b0.02_x30_s50_c650,2026,True,component,ETH,20,30,0.02,0.675,650,2,28.409779727076923,14.279005955183399,10.994063184681902,1.4727296129464502,4.624974250362453,3,2,1.1179324267692308,-2.1623923347692586,31.24787368723738,rejected
filtered_band_2026_ETH_e20_b0.02_x30_s50_c650,2026,True,component,ETH,20,30,0.02,0.675,650,3,27.74093280215384,14.502708338498493,11.226319742359536,1.4449758778821569,4.433034233317434,3,2,1.6709425824615383,-2.5457075683076646,31.077790023143457,rejected
filtered_band_2026_combo_e10_b0.01_x30_s50_btc0.675,2026,True,combination,combination,10,30,0.01,0.675,2000,1,16.974752784549985,12.255768296839486,10.929432006396478,1.3510709882274268,3.0539216661123603,4,5,0.7317894154500001,-0.15220409205001229,17.153064542746034,passed
filtered_band_2026_combo_e10_b0.01_x30_s50_btc0.675,2026,True,combination,combination,10,30,0.01,0.675,2000,2,16.16821905621,12.565586240042325,11.243559266829395,1.296424337864095,2.826252979712665,4,5,1.45829174379,-0.6321496652499814,16.90724783203319,passed
filtered_band_2026_combo_e10_b0.01_x30_s50_btc0.675,2026,True,combination,combination,10,30,0.01,0.675,2000,3,15.367387890000007,12.874069777673835,11.55634417987541,1.241676653305076,2.611909226598311,4,5,2.1790915099999997,-1.1093558616000032,16.66157996558337,passed
filtered_alloc_2026_combo_e10_s50_btc0.675,2026,False,combination,combination,10,30,0.015,0.675,2000,1,16.539600576189994,12.603351919062277,11.280916458854984,1.3055636129056114,2.887601435454959,4,5,0.73018346381,-0.543789514650006,17.176795704835747,passed
filtered_alloc_2026_combo_e10_s50_btc0.675,2026,False,combination,combination,10,30,0.015,0.675,2000,2,15.739692876400003,12.91190230332857,11.593762082005487,1.252000092250251,2.6720915743781744,4,5,1.4552655935999999,-1.0218036754899962,16.934534245234943,passed
filtered_alloc_2026_combo_e10_s50_btc0.675,2026,False,combination,combination,10,30,0.015,0.675,2000,3,14.94184374648999,13.219116978395373,11.905264025242024,1.1982283073481224,2.468267714939005,4,5,2.17456272351,-1.4970820230799986,16.688770350358297,passed
filtered_band_2026_combo_e10_b0.02_x30_s50_btc0.675,2026,True,combination,combination,10,30,0.02,0.675,2000,1,15.51849370270999,13.425948005998878,12.112744303223588,1.223762775464058,2.530997665992011,4,5,0.7264579572900001,-1.4705208556500038,17.242570148442947,passed
filtered_band_2026_combo_e10_b0.02_x30_s50_btc0.675,2026,True,combination,combination,10,30,0.02,0.675,2000,2,14.72224795660999,13.731388037806425,12.422445015414796,1.1707605838920263,2.3388031930249844,4,5,1.4476533833899998,-1.9438397478099945,16.99647188055968,passed
filtered_band_2026_combo_e10_b0.02_x30_s50_btc0.675,2026,True,combination,combination,10,30,0.02,0.675,2000,3,13.935121335639987,14.035480715498927,12.730790238228051,1.1178257352125525,2.1576313489063486,4,5,2.16345611436,-2.4144219623600027,16.754056928057317,passed
filtered_band_2026_combo_e15_b0.01_x30_s50_btc0.675,2026,True,combination,combination,15,30,0.01,0.675,2000,1,16.974752784549985,12.255768296839486,10.929432006396478,1.3510709882274268,3.0539216661123603,4,5,0.7317894154500001,-0.15220409205001229,17.153064542746034,passed
filtered_band_2026_combo_e15_b0.01_x30_s50_btc0.675,2026,True,combination,combination,15,30,0.01,0.675,2000,2,16.16821905621,12.565586240042325,11.243559266829395,1.296424337864095,2.826252979712665,4,5,1.45829174379,-0.6321496652499814,16.90724783203319,passed
filtered_band_2026_combo_e15_b0.01_x30_s50_btc0.675,2026,True,combination,combination,15,30,0.01,0.675,2000,3,15.367387890000007,12.874069777673835,11.55634417987541,1.241676653305076,2.611909226598311,4,5,2.1790915099999997,-1.1093558616000032,16.66157996558337,passed
filtered_alloc_2026_combo_e15_s50_btc0.675,2026,False,combination,combination,15,30,0.015,0.675,2000,1,16.539600576189994,12.603351919062277,11.280916458854984,1.3055636129056114,2.887601435454959,4,5,0.73018346381,-0.543789514650006,17.176795704835747,passed
filtered_alloc_2026_combo_e15_s50_btc0.675,2026,False,combination,combination,15,30,0.015,0.675,2000,2,15.739692876400003,12.91190230332857,11.593762082005487,1.252000092250251,2.6720915743781744,4,5,1.4552655935999999,-1.0218036754899962,16.934534245234943,passed
filtered_alloc_2026_combo_e15_s50_btc0.675,2026,False,combination,combination,15,30,0.015,0.675,2000,3,14.94184374648999,13.219116978395373,11.905264025242024,1.1982283073481224,2.468267714939005,4,5,2.17456272351,-1.4970820230799986,16.688770350358297,passed
filtered_band_2026_combo_e15_b0.02_x30_s50_btc0.675,2026,True,combination,combination,15,30,0.02,0.675,2000,1,15.51849370270999,13.425948005998878,12.112744303223588,1.223762775464058,2.530997665992011,4,5,0.7264579572900001,-1.4705208556500038,17.242570148442947,passed
filtered_band_2026_combo_e15_b0.02_x30_s50_btc0.675,2026,True,combination,combination,15,30,0.02,0.675,2000,2,14.72224795660999,13.731388037806425,12.422445015414796,1.1707605838920263,2.3388031930249844,4,5,1.4476533833899998,-1.9438397478099945,16.99647188055968,passed
filtered_band_2026_combo_e15_b0.02_x30_s50_btc0.675,2026,True,combination,combination,15,30,0.02,0.675,2000,3,13.935121335639987,14.035480715498927,12.730790238228051,1.1178257352125525,2.1576313489063486,4,5,2.16345611436,-2.4144219623600027,16.754056928057317,passed
filtered_band_2026_combo_e20_b0.01_x30_s50_btc0.675,2026,True,combination,combination,20,30,0.01,0.675,2000,1,16.974752784549985,12.255768296839486,10.929432006396478,1.3510709882274268,3.0539216661123603,4,5,0.7317894154500001,-0.15220409205001229,17.153064542746034,passed
filtered_band_2026_combo_e20_b0.01_x30_s50_btc0.675,2026,True,combination,combination,20,30,0.01,0.675,2000,2,16.16821905621,12.565586240042325,11.243559266829395,1.296424337864095,2.826252979712665,4,5,1.45829174379,-0.6321496652499814,16.90724783203319,passed
filtered_band_2026_combo_e20_b0.01_x30_s50_btc0.675,2026,True,combination,combination,20,30,0.01,0.675,2000,3,15.367387890000007,12.874069777673835,11.55634417987541,1.241676653305076,2.611909226598311,4,5,2.1790915099999997,-1.1093558616000032,16.66157996558337,passed
filtered_alloc_2026_combo_e20_s50_btc0.675,2026,False,combination,combination,20,30,0.015,0.675,2000,1,16.539600576189994,12.603351919062277,11.280916458854984,1.3055636129056114,2.887601435454959,4,5,0.73018346381,-0.543789514650006,17.176795704835747,passed
filtered_alloc_2026_combo_e20_s50_btc0.675,2026,False,combination,combination,20,30,0.015,0.675,2000,2,15.739692876400003,12.91190230332857,11.593762082005487,1.252000092250251,2.6720915743781744,4,5,1.4552655935999999,-1.0218036754899962,16.934534245234943,passed
filtered_alloc_2026_combo_e20_s50_btc0.675,2026,False,combination,combination,20,30,0.015,0.675,2000,3,14.94184374648999,13.219116978395373,11.905264025242024,1.1982283073481224,2.468267714939005,4,5,2.17456272351,-1.4970820230799986,16.688770350358297,passed
filtered_band_2026_combo_e20_b0.02_x30_s50_btc0.675,2026,True,combination,combination,20,30,0.02,0.675,2000,1,15.51849370270999,13.425948005998878,12.112744303223588,1.223762775464058,2.530997665992011,4,5,0.7264579572900001,-1.4705208556500038,17.242570148442947,passed
filtered_band_2026_combo_e20_b0.02_x30_s50_btc0.675,2026,True,combination,combination,20,30,0.02,0.675,2000,2,14.72224795660999,13.731388037806425,12.422445015414796,1.1707605838920263,2.3388031930249844,4,5,1.4476533833899998,-1.9438397478099945,16.99647188055968,passed
filtered_band_2026_combo_e20_b0.02_x30_s50_btc0.675,2026,True,combination,combination,20,30,0.02,0.675,2000,3,13.935121335639987,14.035480715498927,12.730790238228051,1.1178257352125525,2.1576313489063486,4,5,2.16345611436,-2.4144219623600027,16.754056928057317,passed
